"pid","title","worktag","collection","layout","order","permalink"
"abundance","Abundance","Abundance","worktags_janbrueghel","tagpage_janbrueghel",,"/janbrueghel/tags/abundance/"
"allegory","Allegory","Allegory","worktags_janbrueghel","tagpage_janbrueghel",,"/janbrueghel/tags/allegory/"
"angels","Angels","Angels","worktags_janbrueghel","tagpage_janbrueghel",,"/janbrueghel/tags/angels/"
"archdukes","Archdukes","Archdukes","worktags_janbrueghel","tagpage_janbrueghel",,"/janbrueghel/tags/archdukes/"
"armor","Armor","Armor","worktags_janbrueghel","tagpage_janbrueghel",,"/janbrueghel/tags/armor/"
"autumn","Autumn","Autumn","worktags_janbrueghel","tagpage_janbrueghel",,"/janbrueghel/tags/autumn/"
"banquet","Banquet","Banquet","worktags_janbrueghel","tagpage_janbrueghel",,"/janbrueghel/tags/banquet/"
"basket","Basket","Basket","worktags_janbrueghel","tagpage_janbrueghel",,"/janbrueghel/tags/basket/"
"bathers","Bathers","Bathers","worktags_janbrueghel","tagpage_janbrueghel",,"/janbrueghel/tags/bathers/"
"battle","Battle","Battle","worktags_janbrueghel","tagpage_janbrueghel",,"/janbrueghel/tags/battle/"
"beggars","Beggars","Beggars","worktags_janbrueghel","tagpage_janbrueghel",,"/janbrueghel/tags/beggars/"
"biblical","Biblical","Biblical","worktags_janbrueghel","tagpage_janbrueghel",,"/janbrueghel/tags/biblical/"
"birds","Birds","Birds","worktags_janbrueghel","tagpage_janbrueghel",,"/janbrueghel/tags/birds/"
"bleaching","Bleaching","Bleaching","worktags_janbrueghel","tagpage_janbrueghel",,"/janbrueghel/tags/bleaching/"
"boat","Boat","Boat","worktags_janbrueghel","tagpage_janbrueghel",,"/janbrueghel/tags/boat/"
"borromeo","Borromeo","Borromeo","worktags_janbrueghel","tagpage_janbrueghel",,"/janbrueghel/tags/borromeo/"
"bowl","Bowl","Bowl","worktags_janbrueghel","tagpage_janbrueghel",,"/janbrueghel/tags/bowl/"
"box","Box","Box","worktags_janbrueghel","tagpage_janbrueghel",,"/janbrueghel/tags/box/"
"bridge","Bridge","Bridge","worktags_janbrueghel","tagpage_janbrueghel",,"/janbrueghel/tags/bridge/"
"bril","Bril","Bril","worktags_janbrueghel","tagpage_janbrueghel",,"/janbrueghel/tags/bril/"
"burghers","Burghers","Burghers","worktags_janbrueghel","tagpage_janbrueghel",,"/janbrueghel/tags/burghers/"
"canal","Canal","Canal","worktags_janbrueghel","tagpage_janbrueghel",,"/janbrueghel/tags/canal/"
"cannon","Cannon","Cannon","worktags_janbrueghel","tagpage_janbrueghel",,"/janbrueghel/tags/cannon/"
"carnival","Carnival","Carnival","worktags_janbrueghel","tagpage_janbrueghel",,"/janbrueghel/tags/carnival/"
"carriage","Carriage","Carriage","worktags_janbrueghel","tagpage_janbrueghel",,"/janbrueghel/tags/carriage/"
"cart","Cart","Cart","worktags_janbrueghel","tagpage_janbrueghel",,"/janbrueghel/tags/cart/"
"castle","Castle","Castle","worktags_janbrueghel","tagpage_janbrueghel",,"/janbrueghel/tags/castle/"
"cattle","Cattle","Cattle","worktags_janbrueghel","tagpage_janbrueghel",,"/janbrueghel/tags/cattle/"
"cheeus","Cheeus","Cheeus","worktags_janbrueghel","tagpage_janbrueghel",,"/janbrueghel/tags/cheeus/"
"chickens","Chickens","Chickens","worktags_janbrueghel","tagpage_janbrueghel",,"/janbrueghel/tags/chickens/"
"children","Children","Children","worktags_janbrueghel","tagpage_janbrueghel",,"/janbrueghel/tags/children/"
"christ","Christ","Christ","worktags_janbrueghel","tagpage_janbrueghel",,"/janbrueghel/tags/christ/"
"church","Church","Church","worktags_janbrueghel","tagpage_janbrueghel",,"/janbrueghel/tags/church/"
"city","City","City","worktags_janbrueghel","tagpage_janbrueghel",,"/janbrueghel/tags/city/"
"cityscape","Cityscape","Cityscape","worktags_janbrueghel","tagpage_janbrueghel",,"/janbrueghel/tags/cityscape/"
"classical","Classical","Classical","worktags_janbrueghel","tagpage_janbrueghel",,"/janbrueghel/tags/classical/"
"coach","Coach","Coach","worktags_janbrueghel","tagpage_janbrueghel",,"/janbrueghel/tags/coach/"
"coast","Coast","Coast","worktags_janbrueghel","tagpage_janbrueghel",,"/janbrueghel/tags/coast/"
"coins","Coins","Coins","worktags_janbrueghel","tagpage_janbrueghel",,"/janbrueghel/tags/coins/"
"colonna","Colonna","Colonna","worktags_janbrueghel","tagpage_janbrueghel",,"/janbrueghel/tags/colonna/"
"cornucopia","Cornucopia","Cornucopia","worktags_janbrueghel","tagpage_janbrueghel",,"/janbrueghel/tags/cornucopia/"
"cosmology","Cosmology","Cosmology","worktags_janbrueghel","tagpage_janbrueghel",,"/janbrueghel/tags/cosmology/"
"crowd","Crowd","Crowd","worktags_janbrueghel","tagpage_janbrueghel",,"/janbrueghel/tags/crowd/"
"dancing","Dancing","Dancing","worktags_janbrueghel","tagpage_janbrueghel",,"/janbrueghel/tags/dancing/"
"de-backer","De Backer","De Backer","worktags_janbrueghel","tagpage_janbrueghel",,"/janbrueghel/tags/de-backer/"
"de-clerck","De Clerck","De Clerck","worktags_janbrueghel","tagpage_janbrueghel",,"/janbrueghel/tags/de-clerck/"
"death","Death","Death","worktags_janbrueghel","tagpage_janbrueghel",,"/janbrueghel/tags/death/"
"deer","Deer","Deer","worktags_janbrueghel","tagpage_janbrueghel",,"/janbrueghel/tags/deer/"
"demons","Demons","Demons","worktags_janbrueghel","tagpage_janbrueghel",,"/janbrueghel/tags/demons/"
"dog","Dog","Dog","worktags_janbrueghel","tagpage_janbrueghel",,"/janbrueghel/tags/dog/"
"donkey","Donkey","Donkey","worktags_janbrueghel","tagpage_janbrueghel",,"/janbrueghel/tags/donkey/"
"durer","Durer","Durer","worktags_janbrueghel","tagpage_janbrueghel",,"/janbrueghel/tags/durer/"
"elegant-company","Elegant Company","Elegant Company","worktags_janbrueghel","tagpage_janbrueghel",,"/janbrueghel/tags/elegant-company/"
"elements","Elements","Elements","worktags_janbrueghel","tagpage_janbrueghel",,"/janbrueghel/tags/elements/"
"encyclopedic","Encyclopedic","Encyclopedic","worktags_janbrueghel","tagpage_janbrueghel",,"/janbrueghel/tags/encyclopedic/"
"everyday-life","Everyday life","Everyday life","worktags_janbrueghel","tagpage_janbrueghel",,"/janbrueghel/tags/everyday-life/"
"farm","Farm","Farm","worktags_janbrueghel","tagpage_janbrueghel",,"/janbrueghel/tags/farm/"
"farming","Farming","Farming","worktags_janbrueghel","tagpage_janbrueghel",,"/janbrueghel/tags/farming/"
"feasting","Feasting","Feasting","worktags_janbrueghel","tagpage_janbrueghel",,"/janbrueghel/tags/feasting/"
"festival","Festival","Festival","worktags_janbrueghel","tagpage_janbrueghel",,"/janbrueghel/tags/festival/"
"field","Field","Field","worktags_janbrueghel","tagpage_janbrueghel",,"/janbrueghel/tags/field/"
"fire","Fire","Fire","worktags_janbrueghel","tagpage_janbrueghel",,"/janbrueghel/tags/fire/"
"fish","Fish","Fish","worktags_janbrueghel","tagpage_janbrueghel",,"/janbrueghel/tags/fish/"
"fishermen","Fishermen","Fishermen","worktags_janbrueghel","tagpage_janbrueghel",,"/janbrueghel/tags/fishermen/"
"flowers","Flowers","Flowers","worktags_janbrueghel","tagpage_janbrueghel",,"/janbrueghel/tags/flowers/"
"food","Food","Food","worktags_janbrueghel","tagpage_janbrueghel",,"/janbrueghel/tags/food/"
"fools","Fools","Fools","worktags_janbrueghel","tagpage_janbrueghel",,"/janbrueghel/tags/fools/"
"forest","Forest","Forest","worktags_janbrueghel","tagpage_janbrueghel",,"/janbrueghel/tags/forest/"
"forge","Forge","Forge","worktags_janbrueghel","tagpage_janbrueghel",,"/janbrueghel/tags/forge/"
"fort","Fort","Fort","worktags_janbrueghel","tagpage_janbrueghel",,"/janbrueghel/tags/fort/"
"francken","Francken","Francken","worktags_janbrueghel","tagpage_janbrueghel",,"/janbrueghel/tags/francken/"
"francken-the-younger","Francken The Younger","Francken The Younger","worktags_janbrueghel","tagpage_janbrueghel",,"/janbrueghel/tags/francken-the-younger/"
"fruit","Fruit","Fruit","worktags_janbrueghel","tagpage_janbrueghel",,"/janbrueghel/tags/fruit/"
"gallery","Gallery","Gallery","worktags_janbrueghel","tagpage_janbrueghel",,"/janbrueghel/tags/gallery/"
"games","Games","Games","worktags_janbrueghel","tagpage_janbrueghel",,"/janbrueghel/tags/games/"
"garden","Garden","Garden","worktags_janbrueghel","tagpage_janbrueghel",,"/janbrueghel/tags/garden/"
"garland","Garland","Garland","worktags_janbrueghel","tagpage_janbrueghel",,"/janbrueghel/tags/garland/"
"glass","Glass","Glass","worktags_janbrueghel","tagpage_janbrueghel",,"/janbrueghel/tags/glass/"
"globe","Globe","Globe","worktags_janbrueghel","tagpage_janbrueghel",,"/janbrueghel/tags/globe/"
"guinea-pigs","Guinea Pigs","Guinea Pigs","worktags_janbrueghel","tagpage_janbrueghel",,"/janbrueghel/tags/guinea-pigs/"
"gypsies","Gypsies","Gypsies","worktags_janbrueghel","tagpage_janbrueghel",,"/janbrueghel/tags/gypsies/"
"habsburg","Habsburg","Habsburg","worktags_janbrueghel","tagpage_janbrueghel",,"/janbrueghel/tags/habsburg/"
"harbor","Harbor","Harbor","worktags_janbrueghel","tagpage_janbrueghel",,"/janbrueghel/tags/harbor/"
"harvesting","Harvesting","Harvesting","worktags_janbrueghel","tagpage_janbrueghel",,"/janbrueghel/tags/harvesting/"
"heaven","Heaven","Heaven","worktags_janbrueghel","tagpage_janbrueghel",,"/janbrueghel/tags/heaven/"
"hell-underworld","Hell/Underworld","Hell/Underworld","worktags_janbrueghel","tagpage_janbrueghel",,"/janbrueghel/tags/hell-underworld/"
"hermits","Hermits","Hermits","worktags_janbrueghel","tagpage_janbrueghel",,"/janbrueghel/tags/hermits/"
"history","History","History","worktags_janbrueghel","tagpage_janbrueghel",,"/janbrueghel/tags/history/"
"holy-family","Holy family","Holy family","worktags_janbrueghel","tagpage_janbrueghel",,"/janbrueghel/tags/holy-family/"
"horse","Horse","Horse","worktags_janbrueghel","tagpage_janbrueghel",,"/janbrueghel/tags/horse/"
"house","House","House","worktags_janbrueghel","tagpage_janbrueghel",,"/janbrueghel/tags/house/"
"household-items","Household items","Household items","worktags_janbrueghel","tagpage_janbrueghel",,"/janbrueghel/tags/household-items/"
"hunting","Hunting","Hunting","worktags_janbrueghel","tagpage_janbrueghel",,"/janbrueghel/tags/hunting/"
"infanta-isabella","Infanta Isabella","Infanta Isabella","worktags_janbrueghel","tagpage_janbrueghel",,"/janbrueghel/tags/infanta-isabella/"
"inn","Inn","Inn","worktags_janbrueghel","tagpage_janbrueghel",,"/janbrueghel/tags/inn/"
"insects","Insects","Insects","worktags_janbrueghel","tagpage_janbrueghel",,"/janbrueghel/tags/insects/"
"inset-image","Inset image","Inset image","worktags_janbrueghel","tagpage_janbrueghel",,"/janbrueghel/tags/inset-image/"
"interior-scene","Interior Scene","Interior Scene","worktags_janbrueghel","tagpage_janbrueghel",,"/janbrueghel/tags/interior-scene/"
"jan-brueghel-the-younger","Jan Brueghel the Younger","Jan Brueghel the Younger","worktags_janbrueghel","tagpage_janbrueghel",,"/janbrueghel/tags/jan-brueghel-the-younger/"
"jewels","Jewels","Jewels","worktags_janbrueghel","tagpage_janbrueghel",,"/janbrueghel/tags/jewels/"
"john-the-baptist","John the Baptist","John the Baptist","worktags_janbrueghel","tagpage_janbrueghel",,"/janbrueghel/tags/john-the-baptist/"
"kermis","Kermis","Kermis","worktags_janbrueghel","tagpage_janbrueghel",,"/janbrueghel/tags/kermis/"
"labor","Labor","Labor","worktags_janbrueghel","tagpage_janbrueghel",,"/janbrueghel/tags/labor/"
"lake","Lake","Lake","worktags_janbrueghel","tagpage_janbrueghel",,"/janbrueghel/tags/lake/"
"landing-stage","Landing stage","Landing stage","worktags_janbrueghel","tagpage_janbrueghel",,"/janbrueghel/tags/landing-stage/"
"landscape","Landscape","Landscape","worktags_janbrueghel","tagpage_janbrueghel",,"/janbrueghel/tags/landscape/"
"leaves","Leaves","Leaves","worktags_janbrueghel","tagpage_janbrueghel",,"/janbrueghel/tags/leaves/"
"lion","Lion","Lion","worktags_janbrueghel","tagpage_janbrueghel",,"/janbrueghel/tags/lion/"
"mariemont","Mariemont","Mariemont","worktags_janbrueghel","tagpage_janbrueghel",,"/janbrueghel/tags/mariemont/"
"market","Market","Market","worktags_janbrueghel","tagpage_janbrueghel",,"/janbrueghel/tags/market/"
"marsh","Marsh","Marsh","worktags_janbrueghel","tagpage_janbrueghel",,"/janbrueghel/tags/marsh/"
"merchants","Merchants","Merchants","worktags_janbrueghel","tagpage_janbrueghel",,"/janbrueghel/tags/merchants/"
"miniature","Miniature","Miniature","worktags_janbrueghel","tagpage_janbrueghel",,"/janbrueghel/tags/miniature/"
"momper","Momper","Momper","worktags_janbrueghel","tagpage_janbrueghel",,"/janbrueghel/tags/momper/"
"monkey","Monkey","Monkey","worktags_janbrueghel","tagpage_janbrueghel",,"/janbrueghel/tags/monkey/"
"mountain","Mountain","Mountain","worktags_janbrueghel","tagpage_janbrueghel",,"/janbrueghel/tags/mountain/"
"musical-instruments","Musical instruments","Musical instruments","worktags_janbrueghel","tagpage_janbrueghel",,"/janbrueghel/tags/musical-instruments/"
"mythological","Mythological","Mythological","worktags_janbrueghel","tagpage_janbrueghel",,"/janbrueghel/tags/mythological/"
"new-testament","New Testament","New Testament","worktags_janbrueghel","tagpage_janbrueghel",,"/janbrueghel/tags/new-testament/"
"nobles","Nobles","Nobles","worktags_janbrueghel","tagpage_janbrueghel",,"/janbrueghel/tags/nobles/"
"nude","Nude","Nude","worktags_janbrueghel","tagpage_janbrueghel",,"/janbrueghel/tags/nude/"
"obelisk","Obelisk","Obelisk","worktags_janbrueghel","tagpage_janbrueghel",,"/janbrueghel/tags/obelisk/"
"old-testament","Old Testament","Old Testament","worktags_janbrueghel","tagpage_janbrueghel",,"/janbrueghel/tags/old-testament/"
"oval","Oval","Oval","worktags_janbrueghel","tagpage_janbrueghel",,"/janbrueghel/tags/oval/"
"painting-within-a-painting","Painting Within A Painting","Painting Within A Painting","worktags_janbrueghel","tagpage_janbrueghel",,"/janbrueghel/tags/painting-within-a-painting/"
"panorama","Panorama","Panorama","worktags_janbrueghel","tagpage_janbrueghel",,"/janbrueghel/tags/panorama/"
"paradise","Paradise","Paradise","worktags_janbrueghel","tagpage_janbrueghel",,"/janbrueghel/tags/paradise/"
"parrot","Parrot","Parrot","worktags_janbrueghel","tagpage_janbrueghel",,"/janbrueghel/tags/parrot/"
"peasants","Peasants","Peasants","worktags_janbrueghel","tagpage_janbrueghel",,"/janbrueghel/tags/peasants/"
"pendant","Pendant","Pendant","worktags_janbrueghel","tagpage_janbrueghel",,"/janbrueghel/tags/pendant/"
"pieter-bruegel","Pieter Bruegel","Pieter Bruegel","worktags_janbrueghel","tagpage_janbrueghel",,"/janbrueghel/tags/pieter-bruegel/"
"pond","Pond","Pond","worktags_janbrueghel","tagpage_janbrueghel",,"/janbrueghel/tags/pond/"
"preaching","Preaching","Preaching","worktags_janbrueghel","tagpage_janbrueghel",,"/janbrueghel/tags/preaching/"
"proverbs","Proverbs","Proverbs","worktags_janbrueghel","tagpage_janbrueghel",,"/janbrueghel/tags/proverbs/"
"putti","Putti","Putti","worktags_janbrueghel","tagpage_janbrueghel",,"/janbrueghel/tags/putti/"
"resting","Resting","Resting","worktags_janbrueghel","tagpage_janbrueghel",,"/janbrueghel/tags/resting/"
"river","River","River","worktags_janbrueghel","tagpage_janbrueghel",,"/janbrueghel/tags/river/"
"road","Road","Road","worktags_janbrueghel","tagpage_janbrueghel",,"/janbrueghel/tags/road/"
"robbery","Robbery","Robbery","worktags_janbrueghel","tagpage_janbrueghel",,"/janbrueghel/tags/robbery/"
"rocks","Rocks","Rocks","worktags_janbrueghel","tagpage_janbrueghel",,"/janbrueghel/tags/rocks/"
"rome","Rome","Rome","worktags_janbrueghel","tagpage_janbrueghel",,"/janbrueghel/tags/rome/"
"rottenhammer","Rottenhammer","Rottenhammer","worktags_janbrueghel","tagpage_janbrueghel",,"/janbrueghel/tags/rottenhammer/"
"roundel","Roundel","Roundel","worktags_janbrueghel","tagpage_janbrueghel",,"/janbrueghel/tags/roundel/"
"rubens","Rubens","Rubens","worktags_janbrueghel","tagpage_janbrueghel",,"/janbrueghel/tags/rubens/"
"ruins","Ruins","Ruins","worktags_janbrueghel","tagpage_janbrueghel",,"/janbrueghel/tags/ruins/"
"sailors","Sailors","Sailors","worktags_janbrueghel","tagpage_janbrueghel",,"/janbrueghel/tags/sailors/"
"saint","Saint","Saint","worktags_janbrueghel","tagpage_janbrueghel",,"/janbrueghel/tags/saint/"
"sculpture","Sculpture","Sculpture","worktags_janbrueghel","tagpage_janbrueghel",,"/janbrueghel/tags/sculpture/"
"seascape","Seascape","Seascape","worktags_janbrueghel","tagpage_janbrueghel",,"/janbrueghel/tags/seascape/"
"seasons","Seasons","Seasons","worktags_janbrueghel","tagpage_janbrueghel",,"/janbrueghel/tags/seasons/"
"senses","Senses","Senses","worktags_janbrueghel","tagpage_janbrueghel",,"/janbrueghel/tags/senses/"
"series","Series","Series","worktags_janbrueghel","tagpage_janbrueghel",,"/janbrueghel/tags/series/"
"servants","Servants","Servants","worktags_janbrueghel","tagpage_janbrueghel",,"/janbrueghel/tags/servants/"
"sheep","Sheep","Sheep","worktags_janbrueghel","tagpage_janbrueghel",,"/janbrueghel/tags/sheep/"
"shells","Shells","Shells","worktags_janbrueghel","tagpage_janbrueghel",,"/janbrueghel/tags/shells/"
"shepherds","Shepherds","Shepherds","worktags_janbrueghel","tagpage_janbrueghel",,"/janbrueghel/tags/shepherds/"
"ship","Ship","Ship","worktags_janbrueghel","tagpage_janbrueghel",,"/janbrueghel/tags/ship/"
"shrine","Shrine","Shrine","worktags_janbrueghel","tagpage_janbrueghel",,"/janbrueghel/tags/shrine/"
"skating","Skating","Skating","worktags_janbrueghel","tagpage_janbrueghel",,"/janbrueghel/tags/skating/"
"skeletons","Skeletons","Skeletons","worktags_janbrueghel","tagpage_janbrueghel",,"/janbrueghel/tags/skeletons/"
"snow","Snow","Snow","worktags_janbrueghel","tagpage_janbrueghel",,"/janbrueghel/tags/snow/"
"snyders","Snyders","Snyders","worktags_janbrueghel","tagpage_janbrueghel",,"/janbrueghel/tags/snyders/"
"soldiers","Soldiers","Soldiers","worktags_janbrueghel","tagpage_janbrueghel",,"/janbrueghel/tags/soldiers/"
"spring","Spring","Spring","worktags_janbrueghel","tagpage_janbrueghel",,"/janbrueghel/tags/spring/"
"staffage","Staffage","Staffage","worktags_janbrueghel","tagpage_janbrueghel",,"/janbrueghel/tags/staffage/"
"storm","Storm","Storm","worktags_janbrueghel","tagpage_janbrueghel",,"/janbrueghel/tags/storm/"
"stream","Stream","Stream","worktags_janbrueghel","tagpage_janbrueghel",,"/janbrueghel/tags/stream/"
"summer","Summer","Summer","worktags_janbrueghel","tagpage_janbrueghel",,"/janbrueghel/tags/summer/"
"swine","Swine","Swine","worktags_janbrueghel","tagpage_janbrueghel",,"/janbrueghel/tags/swine/"
"tazza","Tazza","Tazza","worktags_janbrueghel","tagpage_janbrueghel",,"/janbrueghel/tags/tazza/"
"telescope","Telescope","Telescope","worktags_janbrueghel","tagpage_janbrueghel",,"/janbrueghel/tags/telescope/"
"temple","Temple","Temple","worktags_janbrueghel","tagpage_janbrueghel",,"/janbrueghel/tags/temple/"
"tower","Tower","Tower","worktags_janbrueghel","tagpage_janbrueghel",,"/janbrueghel/tags/tower/"
"traveling","Traveling","Traveling","worktags_janbrueghel","tagpage_janbrueghel",,"/janbrueghel/tags/traveling/"
"tub","Tub","Tub","worktags_janbrueghel","tagpage_janbrueghel",,"/janbrueghel/tags/tub/"
"valley","Valley","Valley","worktags_janbrueghel","tagpage_janbrueghel",,"/janbrueghel/tags/valley/"
"van-alsloot","Van Alsloot","Van Alsloot","worktags_janbrueghel","tagpage_janbrueghel",,"/janbrueghel/tags/van-alsloot/"
"van-balen","Van Balen","Van Balen","worktags_janbrueghel","tagpage_janbrueghel",,"/janbrueghel/tags/van-balen/"
"van-steenwyck","Van Steenwyck","Van Steenwyck","worktags_janbrueghel","tagpage_janbrueghel",,"/janbrueghel/tags/van-steenwyck/"
"vanitas","Vanitas","Vanitas","worktags_janbrueghel","tagpage_janbrueghel",,"/janbrueghel/tags/vanitas/"
"vase","Vase","Vase","worktags_janbrueghel","tagpage_janbrueghel",,"/janbrueghel/tags/vase/"
"vegetables","Vegetables","Vegetables","worktags_janbrueghel","tagpage_janbrueghel",,"/janbrueghel/tags/vegetables/"
"village","Village","Village","worktags_janbrueghel","tagpage_janbrueghel",,"/janbrueghel/tags/village/"
"virgin-mary","Virgin Mary","Virgin Mary","worktags_janbrueghel","tagpage_janbrueghel",,"/janbrueghel/tags/virgin-mary/"
"volcano","Volcano","Volcano","worktags_janbrueghel","tagpage_janbrueghel",,"/janbrueghel/tags/volcano/"
"vrancx","Vrancx","Vrancx","worktags_janbrueghel","tagpage_janbrueghel",,"/janbrueghel/tags/vrancx/"
"wagon","Wagon","Wagon","worktags_janbrueghel","tagpage_janbrueghel",,"/janbrueghel/tags/wagon/"
"waterfall","Waterfall","Waterfall","worktags_janbrueghel","tagpage_janbrueghel",,"/janbrueghel/tags/waterfall/"
"watermill","Watermill","Watermill","worktags_janbrueghel","tagpage_janbrueghel",,"/janbrueghel/tags/watermill/"
"wedding","Wedding","Wedding","worktags_janbrueghel","tagpage_janbrueghel",,"/janbrueghel/tags/wedding/"
"wharf","Wharf","Wharf","worktags_janbrueghel","tagpage_janbrueghel",,"/janbrueghel/tags/wharf/"
"william-van-de-velde","William Van De Velde","William Van De Velde","worktags_janbrueghel","tagpage_janbrueghel",,"/janbrueghel/tags/william-van-de-velde/"
"windmill","Windmill","Windmill","worktags_janbrueghel","tagpage_janbrueghel",,"/janbrueghel/tags/windmill/"
"winter","Winter","Winter","worktags_janbrueghel","tagpage_janbrueghel",,"/janbrueghel/tags/winter/"
"world","World","World","worktags_janbrueghel","tagpage_janbrueghel",,"/janbrueghel/tags/world/"
