Full Image Title,Onsite Image URL,Date,Object Page URL,Shortened Title with Date
A Summer Landscape with Harvesters,../img/scale/brueghel/2873.jpg,1610,janbrueghel/a-summer-landscape-with-harvesters,A Summer Landscape with Harvesters
Abraham sending Hagar and Ismael into the Forest,../img/scale/brueghel/2875.jpg,1590,janbrueghel/abraham-sending-hagar-and-ismael-into-the-forest,Abraham sending Hagar and Ismael into the Forest
Adoration of the Magi (Rome),../img/scale/brueghel/2881.jpg,1594,janbrueghel/adoration-of-the-magi-rome,Adoration of the Magi (Rome)
Adoration of the Magi (St. Petersburg),../img/scale/brueghel/2882.jpg,1598,janbrueghel/adoration-of-the-magi-st-petersburg,Adoration of the Magi (St. Petersburg)
Allegory of Autumn (Neuburg an der Donau),../img/scale/brueghel/2907.jpg,1616,janbrueghel/allegory-of-autumn-neuburg-an-der-donau,Allegory of Autumn (Neuburg an der Donau)
Allegory of Earth (Rome),../img/scale/brueghel/2911.jpg,1611,janbrueghel/allegory-of-earth-rome,Allegory of Earth (Rome)
Allegory of Fire: Venus in the Forge of Vulcan (England),../img/scale/brueghel/2914.jpg,1623,janbrueghel/allegory-of-fire-venus-in-the-forge-of-vulcan-england,Allegory of Fire: Venus in the Forge of Vulcan (England)
Allegory of Fire: Venus in the Forge of Vulcan (Rome),../img/scale/brueghel/2918.jpg,1611,janbrueghel/allegory-of-fire-venus-in-the-forge-of-vulcan-rome,Allegory of Fire: Venus in the Forge of Vulcan (Rome)
Allegory of Fire (Milan),../img/scale/brueghel/2919.jpg,1608,janbrueghel/allegory-of-fire-milan,Allegory of Fire (Milan)
Allegory of Gambling: Monkeys Playing a Board Game,../img/scale/brueghel/2920.jpg,1620,janbrueghel/allegory-of-gambling-monkeys-playing-a-board-game,Allegory of Gambling: Monkeys Playing a Board Game
Allegory of Sight and Smell,../img/scale/brueghel/2924.jpg,1620,janbrueghel/allegory-of-sight-and-smell,Allegory of Sight and Smell
Allegory of Spring (Neuburg an der Donau),../img/scale/brueghel/2926.jpg,1616,janbrueghel/allegory-of-spring-neuburg-an-der-donau,Allegory of Spring (Neuburg an der Donau)
Allegory of Summer,../img/scale/brueghel/2927.jpg,1590,janbrueghel/allegory-of-summer,Allegory of Summer
"Allegory of Touch, Hearing and Taste",../img/scale/brueghel/2929.jpg,1617,janbrueghel/allegory-of-touch-hearing-and-taste,"Allegory of Touch, Hearing and Taste"
Allegory of Vanity: The Feast of the Monkeys,../img/scale/brueghel/2930.jpg,1621,janbrueghel/allegory-of-vanity-the-feast-of-the-monkeys,Allegory of Vanity: The Feast of the Monkeys
Allegory of Vanity: The Feast of the Monkeys (Belgium),../img/scale/brueghel/2931.jpg,1618,janbrueghel/allegory-of-vanity-the-feast-of-the-monkeys-belgium,Allegory of Vanity: The Feast of the Monkeys (Belgium)
Allegory of Water (London),../img/scale/brueghel/2934.jpg,1618,janbrueghel/allegory-of-water-london,Allegory of Water (London)
Allegory of Water (Milan),../img/scale/brueghel/2936.jpg,1614,janbrueghel/allegory-of-water-milan,Allegory of Water (Milan)
Allegory of Water (Rome),../img/scale/brueghel/2937.jpg,1611,janbrueghel/allegory-of-water-rome,Allegory of Water (Rome)
Allegory of Winter (Neuburg an der Donau),../img/scale/brueghel/2938.jpg,1616,janbrueghel/allegory-of-winter-neuburg-an-der-donau,Allegory of Winter (Neuburg an der Donau)
Allegory of the Four Elements,../img/scale/brueghel/2940.jpg,1615,janbrueghel/allegory-of-the-four-elements,Allegory of the Four Elements
Allegory of the Four Elements (Madrid),../img/scale/brueghel/2941.jpg,1606,janbrueghel/allegory-of-the-four-elements-madrid,Allegory of the Four Elements (Madrid)
Allegory of the Four Elements (Milan),../img/scale/brueghel/2942.jpg,1605,janbrueghel/allegory-of-the-four-elements-milan,Allegory of the Four Elements (Milan)
Allegory of the Four Elements (Vienna),../img/scale/brueghel/2943.jpg,1604,janbrueghel/allegory-of-the-four-elements-vienna,Allegory of the Four Elements (Vienna)
Ancient Ruins,../img/scale/brueghel/2945.jpg,1593,janbrueghel/ancient-ruins,Ancient Ruins
Ancient Ruins at Baiae,../img/scale/brueghel/2947.jpg,1604,janbrueghel/ancient-ruins-at-baiae,Ancient Ruins at Baiae
Angels with Fruit Garland (Germany),../img/scale/brueghel/2948.jpg,1615,janbrueghel/angels-with-fruit-garland-germany,Angels with Fruit Garland (Germany)
The Arch of Septimus Severus Seen from the West,../img/scale/brueghel/2949.jpg,1594,janbrueghel/the-arch-of-septimus-severus-seen-from-the-west,The Arch of Septimus Severus Seen from the West
Archduke Albert before Mariemont Castle (Germany),../img/scale/brueghel/2950.jpg,1617,janbrueghel/archduke-albert-before-mariemont-castle-germany,Archduke Albert before Mariemont Castle (Germany)
Archduke Albrecht Before Tervueren Castle,../img/scale/brueghel/2951.jpg,1618,janbrueghel/archduke-albrecht-before-tervueren-castle,Archduke Albrecht Before Tervueren Castle
Attack by Bandits on a Forest Road,../img/scale/brueghel/2952.jpg,1607,janbrueghel/attack-by-bandits-on-a-forest-road,Attack by Bandits on a Forest Road
Attack on Traveler in the Woods,../img/scale/brueghel/2953.jpg,1605,janbrueghel/attack-on-traveler-in-the-woods,Attack on Traveler in the Woods
Attack on a Convoy (Vienna),../img/scale/brueghel/2954.jpg,1612,janbrueghel/attack-on-a-convoy-vienna,Attack on a Convoy (Vienna)
Autumn (Braunschweig),../img/scale/brueghel/2955.jpg,1615,janbrueghel/autumn-braunschweig,Autumn (Braunschweig)
Bacchanal,../img/scale/brueghel/2956.jpg,1610,janbrueghel/bacchanal,Bacchanal
Bacchanal with Silenus,../img/scale/brueghel/2957.jpg,1597,janbrueghel/bacchanal-with-silenus,Bacchanal with Silenus
"Bacchus, Venus, and Ceres",../img/scale/brueghel/2958.jpg,1605,janbrueghel/bacchus-venus-and-ceres,"Bacchus, Venus, and Ceres"
Bandit Encounter on the Way to Market,../img/scale/brueghel/2959.jpg,1605,janbrueghel/bandit-encounter-on-the-way-to-market,Bandit Encounter on the Way to Market
Banquet of Odysseus with Calypso,../img/scale/brueghel/2960.jpg,1616,janbrueghel/banquet-of-odysseus-with-calypso,Banquet of Odysseus with Calypso
Baptism of Christ (Cologne),../img/scale/brueghel/2961.jpg,1608,janbrueghel/baptism-of-christ-cologne,Baptism of Christ (Cologne)
Baptism of Christ (London),../img/scale/brueghel/2962.jpg,1625,janbrueghel/baptism-of-christ-london,Baptism of Christ (London)
Baptism of Christ (Munich),../img/scale/brueghel/2963.jpg,1597,janbrueghel/baptism-of-christ-munich,Baptism of Christ (Munich)
Baptism of Christ (Private Collection),../img/scale/brueghel/2964.jpg,1608,janbrueghel/baptism-of-christ-private-collection,Baptism of Christ (Private Collection)
Baptism of the Ethiopian Eunuch,../img/scale/brueghel/2965.jpg,1620,janbrueghel/baptism-of-the-ethiopian-eunuch,Baptism of the Ethiopian Eunuch
Basket and Glass Vase of Flowers (Amsterdam),../img/scale/brueghel/2967.jpg,1617,janbrueghel/basket-and-glass-vase-of-flowers-amsterdam,Basket and Glass Vase of Flowers (Amsterdam)
Basket and Glass Vase of Flowers (Washington),../img/scale/brueghel/2968.jpg,1615,janbrueghel/basket-and-glass-vase-of-flowers-washington,Basket and Glass Vase of Flowers (Washington)
Basket of Flowers (New York),../img/scale/brueghel/2969.jpg,1620,janbrueghel/basket-of-flowers-new-york,Basket of Flowers (New York)
Battle Scene,../img/scale/brueghel/2970.jpg,1609,janbrueghel/battle-scene,Battle Scene
Battle of the Amazons (Potsdam),../img/scale/brueghel/2972.jpg,1598,janbrueghel/battle-of-the-amazons-potsdam,Battle of the Amazons (Potsdam)
Battle of the Amazons (Private Collection),../img/scale/brueghel/2973.jpg,1610,janbrueghel/battle-of-the-amazons-private-collection,Battle of the Amazons (Private Collection)
Battle of the Israelites and the Amalekites,../img/scale/brueghel/2974.jpg,1602,janbrueghel/battle-of-the-israelites-and-the-amalekites,Battle of the Israelites and the Amalekites
Birds for an Allegory of Air,../img/scale/brueghel/2976.jpg,1610,janbrueghel/birds-for-an-allegory-of-air,Birds for an Allegory of Air
Boat Building,../img/scale/brueghel/2977.jpg,,janbrueghel/boat-building,Boat Building
Bouquet in a Sculpted Vase Beside a Wreath of Flowers (Berlin),../img/scale/brueghel/2991.jpg,1620,janbrueghel/bouquet-in-a-sculpted-vase-beside-a-wreath-of-flowers-berlin,Bouquet in a Sculpted Vase Beside a Wreath of Flowers (Berlin)
Broad Landscape with Dairy Farming,../img/scale/brueghel/3005.jpg,1621,janbrueghel/broad-landscape-with-dairy-farming,Broad Landscape with Dairy Farming
Busy Village Street by a Stream,../img/scale/brueghel/3010.jpg,1615,janbrueghel/busy-village-street-by-a-stream,Busy Village Street by a Stream
Busy Village Street with Resting Travelers,../img/scale/brueghel/3011.jpg,1614,janbrueghel/busy-village-street-with-resting-travelers,Busy Village Street with Resting Travelers
Calvary (Milan),../img/scale/brueghel/3013.jpg,1606,janbrueghel/calvary-milan,Calvary (Milan)
Calvary (Munich),../img/scale/brueghel/3014.jpg,1598,janbrueghel/calvary-munich,Calvary (Munich)
Canal through a Village,../img/scale/brueghel/3015.jpg,,janbrueghel/canal-through-a-village,Canal through a Village
Carrying of the Cross (Christ & the Holy Women),../img/scale/brueghel/3018.jpg,1606,janbrueghel/carrying-of-the-cross-christ-the-holy-women,Carrying of the Cross (Christ & the Holy Women)
Castle on the Seashore,../img/scale/brueghel/3020.jpg,,janbrueghel/castle-on-the-seashore,Castle on the Seashore
Cattle Crossing by a Country Road,../img/scale/brueghel/3021.jpg,1616,janbrueghel/cattle-crossing-by-a-country-road,Cattle Crossing by a Country Road
Cattle Market in a Village,../img/scale/brueghel/3022.jpg,1615,janbrueghel/cattle-market-in-a-village,Cattle Market in a Village
Cavalry Engagement at the Windmills,../img/scale/brueghel/3023.jpg,1612,janbrueghel/cavalry-engagement-at-the-windmills,Cavalry Engagement at the Windmills
Choir of Musical Angels,../img/scale/brueghel/3024.jpg,1595,janbrueghel/choir-of-musical-angels,Choir of Musical Angels
Christ and Apostles Resting on Hill Outside Jerusalem (Florence),../img/scale/brueghel/3025.jpg,1600,janbrueghel/christ-and-apostles-resting-on-hill-outside-jerusalem-florence,Christ and Apostles Resting on Hill Outside Jerusalem (Florence)
Christ and the Adulterous Woman (Munich),../img/scale/brueghel/3026.jpg,1597,janbrueghel/christ-and-the-adulterous-woman-munich,Christ and the Adulterous Woman (Munich)
Christ and the Adulterous Woman (Private Collection),../img/scale/brueghel/3027.jpg,1597,janbrueghel/christ-and-the-adulterous-woman-private-collection,Christ and the Adulterous Woman (Private Collection)
Christ and the Apostles in the Tempest on the Sea of Galilee (Madrid),../img/scale/brueghel/3028.jpg,1596,janbrueghel/christ-and-the-apostles-in-the-tempest-on-the-sea-of-galilee-madrid,Christ and the Apostles in the Tempest on the Sea of Galilee (Madrid)
Christ in Limbo (Aschaffenburg),../img/scale/brueghel/3029.jpg,1600,janbrueghel/christ-in-limbo-aschaffenburg,Christ in Limbo (Aschaffenburg)
Christ in Limbo (Riggisberg),../img/scale/brueghel/3030.jpg,1593,janbrueghel/christ-in-limbo-riggisberg,Christ in Limbo (Riggisberg)
Christ in Limbo (Rome),../img/scale/brueghel/3031.jpg,1594,janbrueghel/christ-in-limbo-rome,Christ in Limbo (Rome)
Christ in Limbo (The Hague),../img/scale/brueghel/3032.jpg,1597,janbrueghel/christ-in-limbo-the-hague,Christ in Limbo (The Hague)
Christ in the Storm (Christ and Apostles on the Lake of Tiberius) (Milan),../img/scale/brueghel/3033.jpg,1595,janbrueghel/christ-in-the-storm-christ-and-apostles-on-the-lake-of-tiberius-milan,Christ in the Storm (Christ and Apostles on the Lake of Tiberius) (Milan)
Cityscape with Busy Street,../img/scale/brueghel/3035.jpg,1610,janbrueghel/cityscape-with-busy-street,Cityscape with Busy Street
The Clivus Scauri in Rome,../img/scale/brueghel/3037.jpg,1594,janbrueghel/the-clivus-scauri-in-rome,The Clivus Scauri in Rome
Coach on a Country Road,../img/scale/brueghel/3038.jpg,,janbrueghel/coach-on-a-country-road,Coach on a Country Road
Coastal Landscape with Temple of Vesta,../img/scale/brueghel/3042.jpg,1595,janbrueghel/coastal-landscape-with-temple-of-vesta,Coastal Landscape with Temple of Vesta
Coastal Landscape with Temple of Vesta (Choiseul),../img/scale/brueghel/3043.jpg,1600,janbrueghel/coastal-landscape-with-temple-of-vesta-choiseul,Coastal Landscape with Temple of Vesta (Choiseul)
Coastal Landscape with Temple of Vesta (London),../img/scale/brueghel/3044.jpg,1600,janbrueghel/coastal-landscape-with-temple-of-vesta-london,Coastal Landscape with Temple of Vesta (London)
Confluence of Rivers,../img/scale/brueghel/3045.jpg,,janbrueghel/confluence-of-rivers,Confluence of Rivers
Country Road: Allegory of Autumn,../img/scale/brueghel/3048.jpg,1594,janbrueghel/country-road-allegory-of-autumn,Country Road: Allegory of Autumn
Country Road with Cattle and Travelers,../img/scale/brueghel/3049.jpg,1613,janbrueghel/country-road-with-cattle-and-travelers,Country Road with Cattle and Travelers
"Country Road with Elegant Travelers, Including Nursing Mother",../img/scale/brueghel/3050.jpg,1619,janbrueghel/country-road-with-elegant-travelers-including-nursing-mother,"Country Road with Elegant Travelers, Including Nursing Mother"
Country Road with Farm Wagons,../img/scale/brueghel/3051.jpg,1609,janbrueghel/country-road-with-farm-wagons,Country Road with Farm Wagons
Country Road with Figures and Animals,../img/scale/brueghel/3052.jpg,,janbrueghel/country-road-with-figures-and-animals,Country Road with Figures and Animals
Country Road with Halt of a Convoy,../img/scale/brueghel/3053.jpg,1603,janbrueghel/country-road-with-halt-of-a-convoy,Country Road with Halt of a Convoy
Country Road with Travelers,../img/scale/brueghel/3054.jpg,1610,janbrueghel/country-road-with-travelers,Country Road with Travelers
Country Road with Travelers and Man Praying at Shrine,../img/scale/brueghel/3055.jpg,1619,janbrueghel/country-road-with-travelers-and-man-praying-at-shrine,Country Road with Travelers and Man Praying at Shrine
Country Road with Windmill,../img/scale/brueghel/3056.jpg,1611,janbrueghel/country-road-with-windmill,Country Road with Windmill
Crucified Christ before Jerusalem/Crucifixion,../img/scale/brueghel/3059.jpg,1600,janbrueghel/crucified-christ-before-jerusalem-crucifixion,Crucified Christ before Jerusalem/Crucifixion
Crucifixion (Munich),../img/scale/brueghel/3060.jpg,1605,janbrueghel/crucifixion-munich,Crucifixion (Munich)
Departure of St. Paul from Caesarea,../img/scale/brueghel/3068.jpg,1596,janbrueghel/departure-of-st-paul-from-caesarea,Departure of St. Paul from Caesarea
"Earth: Paradise Landscape (Paris, Louvre)",../img/scale/brueghel/3089.jpg,1607,janbrueghel/earth-paradise-landscape-paris-louvre,"Earth: Paradise Landscape (Paris, Louvre)"
Entrance to Village with Windmill,../img/scale/brueghel/3090.jpg,1601,janbrueghel/entrance-to-village-with-windmill,Entrance to Village with Windmill
Entrance to a Village with a Windmill,../img/scale/brueghel/3093.jpg,1605,janbrueghel/entrance-to-a-village-with-a-windmill,Entrance to a Village with a Windmill
Fall of Man (Munich),../img/scale/brueghel/3096.jpg,1597,janbrueghel/fall-of-man-munich,Fall of Man (Munich)
Farmhouse along a Stream,../img/scale/brueghel/3100.jpg,1610,janbrueghel/farmhouse-along-a-stream,Farmhouse along a Stream
Farmstead on the Stream,../img/scale/brueghel/3101.jpg,1610,janbrueghel/farmstead-on-the-stream,Farmstead on the Stream
Fish Market before a City on Water,../img/scale/brueghel/3115.jpg,1605,janbrueghel/fish-market-before-a-city-on-water,Fish Market before a City on Water
Fish Market by a River,../img/scale/brueghel/3116.jpg,1605,janbrueghel/fish-market-by-a-river,Fish Market by a River
Flemish Landscape,../img/scale/brueghel/3120.jpg,,janbrueghel/flemish-landscape,Flemish Landscape
Flowers in a Decorated Ceramic Vase (Detroit),../img/scale/brueghel/3148.jpg,,janbrueghel/flowers-in-a-decorated-ceramic-vase-detroit,Flowers in a Decorated Ceramic Vase (Detroit)
Flowers in a Glass Vase (Madrid),../img/scale/brueghel/3151.jpg,,janbrueghel/flowers-in-a-glass-vase-madrid,Flowers in a Glass Vase (Madrid)
Forest Landscape with Castle,../img/scale/brueghel/3188.jpg,1600,janbrueghel/forest-landscape-with-castle,Forest Landscape with Castle
Forest Landscape with Duck Hunter,../img/scale/brueghel/3192.jpg,1600,janbrueghel/forest-landscape-with-duck-hunter,Forest Landscape with Duck Hunter
Forest Landscape with Resting Riders,../img/scale/brueghel/3209.jpg,1606,janbrueghel/forest-landscape-with-resting-riders,Forest Landscape with Resting Riders
Forest Landscape with Sacrifice of Isaac (Tokyo),../img/scale/brueghel/3210.jpg,1599,janbrueghel/forest-landscape-with-sacrifice-of-isaac-tokyo,Forest Landscape with Sacrifice of Isaac (Tokyo)
Forest Landscape with Wanderers,../img/scale/brueghel/3215.jpg,1600,janbrueghel/forest-landscape-with-wanderers,Forest Landscape with Wanderers
Forest Landscape with the Appearance of the Lord to Abraham at Mamre,../img/scale/brueghel/3221.jpg,1589,janbrueghel/forest-landscape-with-the-appearance-of-the-lord-to-abraham-at-mamre,Forest Landscape with the Appearance of the Lord to Abraham at Mamre
Forest Road with Travelers (Madrid),../img/scale/brueghel/3226.jpg,1612,janbrueghel/forest-road-with-travelers-madrid,Forest Road with Travelers (Madrid)
Forest with Hunting Scene,../img/scale/brueghel/3229.jpg,1593,janbrueghel/forest-with-hunting-scene,Forest with Hunting Scene
Forge in the Forest,../img/scale/brueghel/3230.jpg,1610,janbrueghel/forge-in-the-forest,Forge in the Forest
Four Windmills along a Road,../img/scale/brueghel/3235.jpg,1578,janbrueghel/four-windmills-along-a-road,Four Windmills along a Road
Fruit Garland with Holy Family in a Landscape,../img/scale/brueghel/3239.jpg,1623,janbrueghel/fruit-garland-with-holy-family-in-a-landscape,Fruit Garland with Holy Family in a Landscape
Fruit and Flower Garland with the Holy Family in a Landscape (Munich),../img/scale/brueghel/3246.jpg,1623,janbrueghel/fruit-and-flower-garland-with-the-holy-family-in-a-landscape-munich,Fruit and Flower Garland with the Holy Family in a Landscape (Munich)
Gallery Interior with Archdukes Albert and Isabella,../img/scale/brueghel/3248.jpg,1620,janbrueghel/gallery-interior-with-archdukes-albert-and-isabella,Gallery Interior with Archdukes Albert and Isabella
Garden of the Janshoven Castle,../img/scale/brueghel/3252.jpg,1615,janbrueghel/garden-of-the-janshoven-castle,Garden of the Janshoven Castle
Grain Harvest,../img/scale/brueghel/3254.jpg,1614,janbrueghel/grain-harvest,Grain Harvest
Hell Scene (Paris),../img/scale/brueghel/3265.jpg,1595,janbrueghel/hell-scene-paris,Hell Scene (Paris)
Holy Family in Landscape (Turin),../img/scale/brueghel/3273.jpg,1615,janbrueghel/holy-family-in-landscape-turin,Holy Family in Landscape (Turin)
Holy Family in a Flower Garland,../img/scale/brueghel/3274.jpg,1620,janbrueghel/holy-family-in-a-flower-garland,Holy Family in a Flower Garland
Holy Family in a Landscape,../img/scale/brueghel/3276.jpg,1615,janbrueghel/holy-family-in-a-landscape,Holy Family in a Landscape
Holy Family with Angel in a Landscape,../img/scale/brueghel/3279.jpg,1607,janbrueghel/holy-family-with-angel-in-a-landscape,Holy Family with Angel in a Landscape
Horses Drinking at the Mill,../img/scale/brueghel/3283.jpg,1610,janbrueghel/horses-drinking-at-the-mill,Horses Drinking at the Mill
Icon of the Madonna and Child Suspended Within a Fruit and Flower Garland,../img/scale/brueghel/3284.jpg,1621,janbrueghel/icon-of-the-madonna-and-child-suspended-within-a-fruit-and-flower-garland,Icon of the Madonna and Child Suspended Within a Fruit and Flower Garland
Infanta Isabella and her Entourage in the Park at Mariemont,../img/scale/brueghel/3285.jpg,1620,janbrueghel/infanta-isabella-and-her-entourage-in-the-park-at-mariemont,Infanta Isabella and her Entourage in the Park at Mariemont
Infanta Isabella and her Ladies Making Hay near Mariemont,../img/scale/brueghel/3286.jpg,1620,janbrueghel/infanta-isabella-and-her-ladies-making-hay-near-mariemont,Infanta Isabella and her Ladies Making Hay near Mariemont
Interior Forest with Hunting Scene,../img/scale/brueghel/3288.jpg,1593,janbrueghel/interior-forest-with-hunting-scene,Interior Forest with Hunting Scene
Juno in the Underworld,../img/scale/brueghel/18631.jpg,1596,janbrueghel/juno-in-the-underworld,Juno in the Underworld
Landscape with Archduke Albert and Mariemont Castle,../img/scale/brueghel/3309.jpg,1609,janbrueghel/landscape-with-archduke-albert-and-mariemont-castle,Landscape with Archduke Albert and Mariemont Castle
Landscape with Cistern (Milan),../img/scale/brueghel/3311.jpg,1595,janbrueghel/landscape-with-cistern-milan,Landscape with Cistern (Milan)
Landscape with Diana and Actaeon,../img/scale/brueghel/3312.jpg,1591,janbrueghel/landscape-with-diana-and-actaeon,Landscape with Diana and Actaeon
Landscape with Fort near Harbor,../img/scale/brueghel/3313.jpg,,janbrueghel/landscape-with-fort-near-harbor,Landscape with Fort near Harbor
Landscape with Hermit: St. Fulgentius (Vienna),../img/scale/brueghel/3314.jpg,1595,janbrueghel/landscape-with-hermit-st-fulgentius-vienna,Landscape with Hermit: St. Fulgentius (Vienna)
Landscape with Hermit (St. Fulgentius?) (Milan),../img/scale/brueghel/3315.jpg,1597,janbrueghel/landscape-with-hermit-st-fulgentius-milan,Landscape with Hermit (St. Fulgentius?) (Milan)
Landscape with Hermit and Gypsies (Milan),../img/scale/brueghel/3316.jpg,1595,janbrueghel/landscape-with-hermit-and-gypsies-milan,Landscape with Hermit and Gypsies (Milan)
Landscape with Hermit on the Right (Milan),../img/scale/brueghel/3317.jpg,1595,janbrueghel/landscape-with-hermit-on-the-right-milan,Landscape with Hermit on the Right (Milan)
Landscape with Windmill (Cambridge),../img/scale/brueghel/3335.jpg,1611,janbrueghel/landscape-with-windmill-cambridge,Landscape with Windmill (Cambridge)
Landscape with Young Tobias,../img/scale/brueghel/3336.jpg,1600,janbrueghel/landscape-with-young-tobias,Landscape with Young Tobias
Landscape with a Ford,../img/scale/brueghel/3337.jpg,1607,janbrueghel/landscape-with-a-ford,Landscape with a Ford
Landscape with a Windmill on a Hill,../img/scale/brueghel/3338.jpg,1608,janbrueghel/landscape-with-a-windmill-on-a-hill,Landscape with a Windmill on a Hill
Large Bouquet in an Earthenware Vase (Bucharest),../img/scale/brueghel/3340.jpg,1622,janbrueghel/large-bouquet-in-an-earthenware-vase-bucharest,Large Bouquet in an Earthenware Vase (Bucharest)
Large Fish Market with Self Portrait,../img/scale/brueghel/3341.jpg,1603,janbrueghel/large-fish-market-with-self-portrait,Large Fish Market with Self Portrait
Last Judgement,../img/scale/brueghel/3342.jpg,1601,janbrueghel/last-judgement,Last Judgement
Latona and the Lycian Farmers,../img/scale/brueghel/3344.jpg,1601,janbrueghel/latona-and-the-lycian-farmers,Latona and the Lycian Farmers
Latona and the Lycian Farmers (Amsterdam),../img/scale/brueghel/3345.jpg,1605,janbrueghel/latona-and-the-lycian-farmers-amsterdam,Latona and the Lycian Farmers (Amsterdam)
Latona and the Lycian Farmers (London),../img/scale/brueghel/3346.jpg,1601,janbrueghel/latona-and-the-lycian-farmers-london,Latona and the Lycian Farmers (London)
Lot and His Daughters before Sodom (Munich),../img/scale/brueghel/3347.jpg,1595,janbrueghel/lot-and-his-daughters-before-sodom-munich,Lot and His Daughters before Sodom (Munich)
Madonna and Child in a Flower Garland (Madrid),../img/scale/brueghel/3349.jpg,1609,janbrueghel/madonna-and-child-in-a-flower-garland-madrid,Madonna and Child in a Flower Garland (Madrid)
Madonna and Child in a Flower Garland with Putti (Munich),../img/scale/brueghel/3350.jpg,1617,janbrueghel/madonna-and-child-in-a-flower-garland-with-putti-munich,Madonna and Child in a Flower Garland with Putti (Munich)
Madonna and Child with Angels in a Landscape,../img/scale/brueghel/3351.jpg,1608,janbrueghel/madonna-and-child-with-angels-in-a-landscape,Madonna and Child with Angels in a Landscape
Madonna and Child with Angels in a Landscape (Cologne),../img/scale/brueghel/3352.jpg,1608,janbrueghel/madonna-and-child-with-angels-in-a-landscape-cologne,Madonna and Child with Angels in a Landscape (Cologne)
Madonna of the Forget-Me-Nots,../img/scale/brueghel/3354.jpg,1620,janbrueghel/madonna-of-the-forget-me-nots,Madonna of the Forget-Me-Nots
Maria with the Animals (Rome),../img/scale/brueghel/3355.jpg,1604,janbrueghel/maria-with-the-animals-rome,Maria with the Animals (Rome)
Market Day in Village by a River,../img/scale/brueghel/3356.jpg,1611,janbrueghel/market-day-in-village-by-a-river,Market Day in Village by a River
Market and Bleaching Ground,../img/scale/brueghel/3357.jpg,1620,janbrueghel/market-and-bleaching-ground,Market and Bleaching Ground
Marriage of Bacchus and Ariadne (Brussels),../img/scale/brueghel/3358.jpg,1610,janbrueghel/marriage-of-bacchus-and-ariadne-brussels,Marriage of Bacchus and Ariadne (Brussels)
Marriage of Neptune and Amphitrite: Feast of the Gods,../img/scale/brueghel/3359.jpg,1600,janbrueghel/marriage-of-neptune-and-amphitrite-feast-of-the-gods,Marriage of Neptune and Amphitrite: Feast of the Gods
Marriage of Neptune and Amphitrite: Feast of the Gods by the Sea,../img/scale/brueghel/3360.jpg,1600,janbrueghel/marriage-of-neptune-and-amphitrite-feast-of-the-gods-by-the-sea,Marriage of Neptune and Amphitrite: Feast of the Gods by the Sea
Marriage of Peleus and Thetis,../img/scale/brueghel/3361.jpg,1608,janbrueghel/marriage-of-peleus-and-thetis,Marriage of Peleus and Thetis
Marriage of Peleus and Thetis (Dresden),../img/scale/brueghel/3362.jpg,1616,janbrueghel/marriage-of-peleus-and-thetis-dresden,Marriage of Peleus and Thetis (Dresden)
Marriage of Peleus and Thetis (Munich),../img/scale/brueghel/3363.jpg,1608,janbrueghel/marriage-of-peleus-and-thetis-munich,Marriage of Peleus and Thetis (Munich)
"Mary with Christ, John and Putti in a Landscape",../img/scale/brueghel/3364.jpg,1608,janbrueghel/mary-with-christ-john-and-putti-in-a-landscape,"Mary with Christ, John and Putti in a Landscape"
Mary with Christ and John in a Flower Garland,../img/scale/brueghel/3365.jpg,1620,janbrueghel/mary-with-christ-and-john-in-a-flower-garland,Mary with Christ and John in a Flower Garland
Mass in a Grotto (London),../img/scale/brueghel/3366.jpg,1620,janbrueghel/mass-in-a-grotto-london,Mass in a Grotto (London)
Mass in a Grotto (Milan),../img/scale/brueghel/3367.jpg,1602,janbrueghel/mass-in-a-grotto-milan,Mass in a Grotto (Milan)
"Minerva, Ceres and Fortuna",../img/scale/brueghel/3368.jpg,1620,janbrueghel/minerva-ceres-and-fortuna,"Minerva, Ceres and Fortuna"
Moses and the Israelites in the Wilderness (New York),../img/scale/brueghel/3369.jpg,1610,janbrueghel/moses-and-the-israelites-in-the-wilderness-new-york,Moses and the Israelites in the Wilderness (New York)
Mountain Landscape with Flight into Egypt,../img/scale/brueghel/3373.jpg,1595,janbrueghel/mountain-landscape-with-flight-into-egypt,Mountain Landscape with Flight into Egypt
Mountain Landscape with Hermits (London),../img/scale/brueghel/3374.jpg,1597,janbrueghel/mountain-landscape-with-hermits-london,Mountain Landscape with Hermits (London)
Mountain Landscape with Rest on the Flight into Egypt (Switzerland),../img/scale/brueghel/3375.jpg,1595,janbrueghel/mountain-landscape-with-rest-on-the-flight-into-egypt-switzerland,Mountain Landscape with Rest on the Flight into Egypt (Switzerland)
Mountain Landscape with Ruins,../img/scale/brueghel/3376.jpg,1590,janbrueghel/mountain-landscape-with-ruins,Mountain Landscape with Ruins
Mountain Landscape with Tivoli Temple and Gypsies,../img/scale/brueghel/3377.jpg,1595,janbrueghel/mountain-landscape-with-tivoli-temple-and-gypsies,Mountain Landscape with Tivoli Temple and Gypsies
Mountain Landscape with a Hermit Reading in front of Ruins (St. Anthony),../img/scale/brueghel/3378.jpg,1596,janbrueghel/mountain-landscape-with-a-hermit-reading-in-front-of-ruins-st-anthony,Mountain Landscape with a Hermit Reading in front of Ruins (St. Anthony)
Mountainous Landscape,../img/scale/brueghel/3379.jpg,,janbrueghel/mountainous-landscape,Mountainous Landscape
Mountainous Landscape with Two Figures at Left,../img/scale/brueghel/3380.jpg,,janbrueghel/mountainous-landscape-with-two-figures-at-left,Mountainous Landscape with Two Figures at Left
Mountainous Landscape with View over a Valley,../img/scale/brueghel/3381.jpg,,janbrueghel/mountainous-landscape-with-view-over-a-valley,Mountainous Landscape with View over a Valley
Mountainous Landscape with Village in Valley and Distant View,../img/scale/brueghel/3382.jpg,,janbrueghel/mountainous-landscape-with-village-in-valley-and-distant-view,Mountainous Landscape with Village in Valley and Distant View
"Mouse, Rose, and Butterfly (Amsterdam)",../img/scale/brueghel/3383.jpg,1605,janbrueghel/mouse-rose-and-butterfly-amsterdam,"Mouse, Rose, and Butterfly (Amsterdam)"
"Mouse, Rose, and Butterfly (Milan)",../img/scale/brueghel/3384.jpg,1605,janbrueghel/mouse-rose-and-butterfly-milan,"Mouse, Rose, and Butterfly (Milan)"
"Mouse, Rose, and Butterfly (Paris)",../img/scale/brueghel/3385.jpg,1605,janbrueghel/mouse-rose-and-butterfly-paris,"Mouse, Rose, and Butterfly (Paris)"
Mule Convoy,../img/scale/brueghel/3386.jpg,,janbrueghel/mule-convoy,Mule Convoy
Nativity (Switzerland),../img/scale/brueghel/3387.jpg,1590,janbrueghel/nativity-switzerland,Nativity (Switzerland)
No Room at the Inn (Netherlands),../img/scale/brueghel/3390.jpg,1605,janbrueghel/no-room-at-the-inn-netherlands,No Room at the Inn (Netherlands)
Nymphs Filling the Horn of Plenty,../img/scale/brueghel/3391.jpg,1612,janbrueghel/nymphs-filling-the-horn-of-plenty,Nymphs Filling the Horn of Plenty
"Nymphs Sleeping After the Hunt, Spied on by Satyr (Santa Fe)",../img/scale/brueghel/3393.jpg,1620,janbrueghel/nymphs-sleeping-after-the-hunt-spied-on-by-satyr-santa-fe,"Nymphs Sleeping After the Hunt, Spied on by Satyr (Santa Fe)"
Oil Sketch of Dogs,../img/scale/brueghel/3394.jpg,1613,janbrueghel/oil-sketch-of-dogs,Oil Sketch of Dogs
"Oil Sketch of Monkeys, Donkeys, and Cats",../img/scale/brueghel/3395.jpg,1613,janbrueghel/oil-sketch-of-monkeys-donkeys-and-cats,"Oil Sketch of Monkeys, Donkeys, and Cats"
Orpheus Playing for the Animals,../img/scale/brueghel/3396.jpg,1600,janbrueghel/orpheus-playing-for-the-animals,Orpheus Playing for the Animals
Orpheus Playing for the Animals (Ipswich),../img/scale/brueghel/3397.jpg,1601,janbrueghel/orpheus-playing-for-the-animals-ipswich,Orpheus Playing for the Animals (Ipswich)
Orpheus Playing for the Animals (Paris),../img/scale/brueghel/3398.jpg,1605,janbrueghel/orpheus-playing-for-the-animals-paris,Orpheus Playing for the Animals (Paris)
Orpheus Sings for Pluto and Proserpina (London),../img/scale/brueghel/3400.jpg,1594,janbrueghel/orpheus-sings-for-pluto-and-proserpina-london,Orpheus Sings for Pluto and Proserpina (London)
Orpheus Sings for Pluto and Proserpina (Rome),../img/scale/brueghel/3402.jpg,1594,janbrueghel/orpheus-sings-for-pluto-and-proserpina-rome,Orpheus Sings for Pluto and Proserpina (Rome)
Orpheus and the Thracian Women,../img/scale/brueghel/3403.jpg,1605,janbrueghel/orpheus-and-the-thracian-women,Orpheus and the Thracian Women
Orpheus and the Thracian Women (Berlin),../img/scale/brueghel/3404.jpg,1605,janbrueghel/orpheus-and-the-thracian-women-berlin,Orpheus and the Thracian Women (Berlin)
Outdoor Wedding (England),../img/scale/brueghel/3405.jpg,1597,janbrueghel/outdoor-wedding-england,Outdoor Wedding (England)
Outdoor Wedding Dance (Bordeaux),../img/scale/brueghel/3406.jpg,1597,janbrueghel/outdoor-wedding-dance-bordeaux,Outdoor Wedding Dance (Bordeaux)
Outdoor Wedding Party (Antwerp),../img/scale/brueghel/3407.jpg,1595,janbrueghel/outdoor-wedding-party-antwerp,Outdoor Wedding Party (Antwerp)
Pan and Syrinx,../img/scale/brueghel/3409.jpg,1605,janbrueghel/pan-and-syrinx,Pan and Syrinx
Paradise (Vienna),../img/scale/brueghel/3412.jpg,1605,janbrueghel/paradise-vienna,Paradise (Vienna)
Paradise Landscape (Canada),../img/scale/brueghel/3413.jpg,1615,janbrueghel/paradise-landscape-canada,Paradise Landscape (Canada)
"Paradise Landscape with Creation of the Animals (Rome, Galleria Doria Pamphili)",../img/scale/brueghel/3414.jpg,,janbrueghel/paradise-landscape-with-creation-of-the-animals-rome-galleria-doria-pamphili,"Paradise Landscape with Creation of the Animals (Rome, Galleria Doria Pamphili)"
"Paradise Landscape with Fall of Man (France, Private Collection)",../img/scale/brueghel/3417.jpg,1612,janbrueghel/paradise-landscape-with-fall-of-man-france-private-collection,"Paradise Landscape with Fall of Man (France, Private Collection)"
"Paradise Landscape with Fall of Man (London, Hampton Court)",../img/scale/brueghel/3418.jpg,1615,janbrueghel/paradise-landscape-with-fall-of-man-london-hampton-court,"Paradise Landscape with Fall of Man (London, Hampton Court)"
Paradise Landscape with Fall of Man (Madrid),../img/scale/brueghel/3419.jpg,1608,janbrueghel/paradise-landscape-with-fall-of-man-madrid,Paradise Landscape with Fall of Man (Madrid)
Paradise Landscape with Fall of Man (Madrid II),../img/scale/brueghel/3420.jpg,1612,janbrueghel/paradise-landscape-with-fall-of-man-madrid-ii,Paradise Landscape with Fall of Man (Madrid II)
"Paradise Landscape with Fall of Man (New York, Gallery William Doyle)",../img/scale/brueghel/3421.jpg,1613,janbrueghel/paradise-landscape-with-fall-of-man-new-york-gallery-william-doyle,"Paradise Landscape with Fall of Man (New York, Gallery William Doyle)"
"Paradise Landscape with God Telling Adam to Name the Animals (Rome, Galleria Doria Pamphili)",../img/scale/brueghel/3422.jpg,1594,janbrueghel/paradise-landscape-with-god-telling-adam-to-name-the-animals-rome-galleria-doria-pamphili,"Paradise Landscape with God Telling Adam to Name the Animals (Rome, Galleria Doria Pamphili)"
"Paradise Landscape with the Fall of Man (Rome, Galleria Doria-Pamphili)",../img/scale/brueghel/3425.jpg,1612,janbrueghel/paradise-landscape-with-the-fall-of-man-rome-galleria-doria-pamphili,"Paradise Landscape with the Fall of Man (Rome, Galleria Doria-Pamphili)"
Paradise with Fall of Man (Belgium),../img/scale/brueghel/3426.jpg,1615,janbrueghel/paradise-with-fall-of-man-belgium,Paradise with Fall of Man (Belgium)
"Paradise with Fall of Man (The Hague, Mauritshuis)",../img/scale/brueghel/3428.jpg,1614,janbrueghel/paradise-with-fall-of-man-the-hague-mauritshuis,"Paradise with Fall of Man (The Hague, Mauritshuis)"
Peasant Brawl,../img/scale/brueghel/3429.jpg,1610,janbrueghel/peasant-brawl,Peasant Brawl
"Peasant Dance on Hilltop Road, with Burgher Audience",../img/scale/brueghel/3431.jpg,1614,janbrueghel/peasant-dance-on-hilltop-road-with-burgher-audience,"Peasant Dance on Hilltop Road, with Burgher Audience"
Peasants Dancing in a Circle,../img/scale/brueghel/3435.jpg,,janbrueghel/peasants-dancing-in-a-circle,Peasants Dancing in a Circle
Peasants with a Horse and Cart,../img/scale/brueghel/3437.jpg,1610,janbrueghel/peasants-with-a-horse-and-cart,Peasants with a Horse and Cart
Perseus and Andromeda,../img/scale/brueghel/3438.jpg,1595,janbrueghel/perseus-and-andromeda,Perseus and Andromeda
Peter Encounters the Centurion Cornelius,../img/scale/brueghel/3439.jpg,1620,janbrueghel/peter-encounters-the-centurion-cornelius,Peter Encounters the Centurion Cornelius
Portrait of Archduke Albrecht of Austria,../img/scale/brueghel/3440.jpg,1606,janbrueghel/portrait-of-archduke-albrecht-of-austria,Portrait of Archduke Albrecht of Austria
Preaching of John the Baptist (Basel),../img/scale/brueghel/3441.jpg,1598,janbrueghel/preaching-of-john-the-baptist-basel,Preaching of John the Baptist (Basel)
Preaching of John the Baptist (London),../img/scale/brueghel/3442.jpg,1605,janbrueghel/preaching-of-john-the-baptist-london,Preaching of John the Baptist (London)
Preaching of John the Baptist (Los Angeles),../img/scale/brueghel/3443.jpg,1598,janbrueghel/preaching-of-john-the-baptist-los-angeles,Preaching of John the Baptist (Los Angeles)
Preaching of John the Baptist (Munich),../img/scale/brueghel/3444.jpg,1598,janbrueghel/preaching-of-john-the-baptist-munich,Preaching of John the Baptist (Munich)
Procession in the Winter,../img/scale/brueghel/3445.jpg,1606,janbrueghel/procession-in-the-winter,Procession in the Winter
Putti Dancing and Making Music,../img/scale/brueghel/3446.jpg,1600,janbrueghel/putti-dancing-and-making-music,Putti Dancing and Making Music
Reconciliation of Jacob and Esau (Solingen),../img/scale/brueghel/3448.jpg,1608,janbrueghel/reconciliation-of-jacob-and-esau-solingen,Reconciliation of Jacob and Esau (Solingen)
Rest on the Flight into Egypt (Amsterdam),../img/scale/brueghel/3449.jpg,1606,janbrueghel/rest-on-the-flight-into-egypt-amsterdam,Rest on the Flight into Egypt (Amsterdam)
Rest on the Flight into Egypt (Glasgow),../img/scale/brueghel/3451.jpg,1600,janbrueghel/rest-on-the-flight-into-egypt-glasgow,Rest on the Flight into Egypt (Glasgow)
Rest on the Flight into Egypt (Munich),../img/scale/brueghel/3453.jpg,1600,janbrueghel/rest-on-the-flight-into-egypt-munich,Rest on the Flight into Egypt (Munich)
Rest on the Flight into Egypt (New York),../img/scale/brueghel/3454.jpg,1606,janbrueghel/rest-on-the-flight-into-egypt-new-york,Rest on the Flight into Egypt (New York)
Rest on the Flight into Egypt (The Hague),../img/scale/brueghel/3457.jpg,1595,janbrueghel/rest-on-the-flight-into-egypt-the-hague,Rest on the Flight into Egypt (The Hague)
Rest on the Flight into Egypt (Vienna),../img/scale/brueghel/3458.jpg,1595,janbrueghel/rest-on-the-flight-into-egypt-vienna,Rest on the Flight into Egypt (Vienna)
Rest on the Flight into Egypt with Tivoli Temple (Germany),../img/scale/brueghel/3459.jpg,1595,janbrueghel/rest-on-the-flight-into-egypt-with-tivoli-temple-germany,Rest on the Flight into Egypt with Tivoli Temple (Germany)
Resting at the Windmill,../img/scale/brueghel/3460.jpg,1609,janbrueghel/resting-at-the-windmill,Resting at the Windmill
Resting in a Forest Landscape,../img/scale/brueghel/3462.jpg,1605,janbrueghel/resting-in-a-forest-landscape,Resting in a Forest Landscape
Return from the Hunt,../img/scale/brueghel/3463.jpg,1594,janbrueghel/return-from-the-hunt,Return from the Hunt
Return of Hawking Party,../img/scale/brueghel/3464.jpg,1594,janbrueghel/return-of-hawking-party,Return of Hawking Party
River Banks,../img/scale/brueghel/3467.jpg,,janbrueghel/river-banks,River Banks
River Landscape with Bathers (London),../img/scale/brueghel/3469.jpg,1600,janbrueghel/river-landscape-with-bathers-london,River Landscape with Bathers (London)
River Landscape with Bathers (New York),../img/scale/brueghel/3470.jpg,1595,janbrueghel/river-landscape-with-bathers-new-york,River Landscape with Bathers (New York)
River Landscape with Bathers and Sailboats,../img/scale/brueghel/3471.jpg,1595,janbrueghel/river-landscape-with-bathers-and-sailboats,River Landscape with Bathers and Sailboats
River Landscape with Dock,../img/scale/brueghel/3473.jpg,1605,janbrueghel/river-landscape-with-dock,River Landscape with Dock
River Landscape with Landing Stage,../img/scale/brueghel/3474.jpg,1612,janbrueghel/river-landscape-with-landing-stage,River Landscape with Landing Stage
River Landscape with Landing Stage (Amsterdam),../img/scale/brueghel/3475.jpg,1604,janbrueghel/river-landscape-with-landing-stage-amsterdam,River Landscape with Landing Stage (Amsterdam)
River Landscape with Landing Stage (Antwerp),../img/scale/brueghel/3477.jpg,1603,janbrueghel/river-landscape-with-landing-stage-antwerp,River Landscape with Landing Stage (Antwerp)
River Landscape with Landing Stage (Berlin),../img/scale/brueghel/3478.jpg,1603,janbrueghel/river-landscape-with-landing-stage-berlin,River Landscape with Landing Stage (Berlin)
River Landscape with Landing Stage (Germany),../img/scale/brueghel/3479.jpg,1603,janbrueghel/river-landscape-with-landing-stage-germany,River Landscape with Landing Stage (Germany)
River Landscape with Landing Stage (London),../img/scale/brueghel/3480.jpg,1612,janbrueghel/river-landscape-with-landing-stage-london,River Landscape with Landing Stage (London)
River Landscape with Landing Stage (Turin),../img/scale/brueghel/3481.jpg,1603,janbrueghel/river-landscape-with-landing-stage-turin,River Landscape with Landing Stage (Turin)
River Landscape with Landing Stage (Vienna),../img/scale/brueghel/3482.jpg,1607,janbrueghel/river-landscape-with-landing-stage-vienna,River Landscape with Landing Stage (Vienna)
River Landscape with Landing Stage on the Left,../img/scale/brueghel/3485.jpg,1606,janbrueghel/river-landscape-with-landing-stage-on-the-left,River Landscape with Landing Stage on the Left
River Landscape with Noble Party in Boat: Allegory of Spring,../img/scale/brueghel/3487.jpg,1594,janbrueghel/river-landscape-with-noble-party-in-boat-allegory-of-spring,River Landscape with Noble Party in Boat: Allegory of Spring
River Landscape with Shipyard,../img/scale/brueghel/3488.jpg,1608,janbrueghel/river-landscape-with-shipyard,River Landscape with Shipyard
River Landscape with Temple of Vesta,../img/scale/brueghel/3489.jpg,1610,janbrueghel/river-landscape-with-temple-of-vesta,River Landscape with Temple of Vesta
River Landscape with Travelers on a Road,../img/scale/brueghel/3490.jpg,1602,janbrueghel/river-landscape-with-travelers-on-a-road,River Landscape with Travelers on a Road
River Landscape with Travelers on a Road (Munich),../img/scale/brueghel/3491.jpg,1602,janbrueghel/river-landscape-with-travelers-on-a-road-munich,River Landscape with Travelers on a Road (Munich)
River Landscape with Village Landing Stage,../img/scale/brueghel/3492.jpg,1606,janbrueghel/river-landscape-with-village-landing-stage,River Landscape with Village Landing Stage
River through a Town,../img/scale/brueghel/3493.jpg,,janbrueghel/river-through-a-town,River through a Town
River with Landing Stage,../img/scale/brueghel/3494.jpg,1605,janbrueghel/river-with-landing-stage,River with Landing Stage
River with Landing Stage by Village: Sorting Catch of Fish,../img/scale/brueghel/3495.jpg,1606,janbrueghel/river-with-landing-stage-by-village-sorting-catch-of-fish,River with Landing Stage by Village: Sorting Catch of Fish
River with Wooded Banks Crossed by a Footbridge,../img/scale/brueghel/3497.jpg,,janbrueghel/river-with-wooded-banks-crossed-by-a-footbridge,River with Wooded Banks Crossed by a Footbridge
Riverside Village with Landing Stage,../img/scale/brueghel/3498.jpg,1610,janbrueghel/riverside-village-with-landing-stage,Riverside Village with Landing Stage
Road Along a Hilltop,../img/scale/brueghel/3499.jpg,1605,janbrueghel/road-along-a-hilltop,Road Along a Hilltop
Road Along a Hilltop (Munich),../img/scale/brueghel/3500.jpg,1608,janbrueghel/road-along-a-hilltop-munich,Road Along a Hilltop (Munich)
"Road at the Edge of a Forest, with the Flight into Egypt (St. Petersburg)",../img/scale/brueghel/3502.jpg,1610,janbrueghel/road-at-the-edge-of-a-forest-with-the-flight-into-egypt-st-petersburg,"Road at the Edge of a Forest, with the Flight into Egypt (St. Petersburg)"
Road at the Edge of a Forest with the Flight into Egypt,../img/scale/brueghel/3503.jpg,1610,janbrueghel/road-at-the-edge-of-a-forest-with-the-flight-into-egypt,Road at the Edge of a Forest with the Flight into Egypt
Road by Windmills,../img/scale/brueghel/3504.jpg,1608,janbrueghel/road-by-windmills,Road by Windmills
Road on a Wooded Hillside with Travelers,../img/scale/brueghel/3505.jpg,1610,janbrueghel/road-on-a-wooded-hillside-with-travelers,Road on a Wooded Hillside with Travelers
Road through a Wood,../img/scale/brueghel/3506.jpg,1605,janbrueghel/road-through-a-wood,Road through a Wood
Road through a Woodland Village,../img/scale/brueghel/3507.jpg,1611,janbrueghel/road-through-a-woodland-village,Road through a Woodland Village
Road through a Woodland Village (London),../img/scale/brueghel/3508.jpg,1611,janbrueghel/road-through-a-woodland-village-london,Road through a Woodland Village (London)
Road through a Woodland Village (St. Petersburg),../img/scale/brueghel/3509.jpg,1611,janbrueghel/road-through-a-woodland-village-st-petersburg,Road through a Woodland Village (St. Petersburg)
Road through the Countryside with Travelers,../img/scale/brueghel/3510.jpg,1612,janbrueghel/road-through-the-countryside-with-travelers,Road through the Countryside with Travelers
Road to Market,../img/scale/brueghel/3511.jpg,1603,janbrueghel/road-to-market,Road to Market
Road to Market (Paris),../img/scale/brueghel/3512.jpg,1604,janbrueghel/road-to-market-paris,Road to Market (Paris)
Road with Travelers,../img/scale/brueghel/3513.jpg,1612,janbrueghel/road-with-travelers,Road with Travelers
Roadside Chapel on a Hill,../img/scale/brueghel/3516.jpg,1607,janbrueghel/roadside-chapel-on-a-hill,Roadside Chapel on a Hill
Roadway by a Stream,../img/scale/brueghel/3517.jpg,1615,janbrueghel/roadway-by-a-stream,Roadway by a Stream
Rocky Coastal Inlet with Battle Ship,../img/scale/brueghel/3518.jpg,1592,janbrueghel/rocky-coastal-inlet-with-battle-ship,Rocky Coastal Inlet with Battle Ship
Rocky Coastal Landscape with Fishmongers,../img/scale/brueghel/3519.jpg,1600,janbrueghel/rocky-coastal-landscape-with-fishmongers,Rocky Coastal Landscape with Fishmongers
Rocky Landscape,../img/scale/brueghel/3520.jpg,1600,janbrueghel/rocky-landscape,Rocky Landscape
Ruins in Rome,../img/scale/brueghel/3530.jpg,,janbrueghel/ruins-in-rome,Ruins in Rome
Sacrifice of Isaac (Geneva),../img/scale/brueghel/3533.jpg,1600,janbrueghel/sacrifice-of-isaac-geneva,Sacrifice of Isaac (Geneva)
Sailboats at Anchor in Calm Water,../img/scale/brueghel/3535.jpg,,janbrueghel/sailboats-at-anchor-in-calm-water,Sailboats at Anchor in Calm Water
Sailboats on a Canal,../img/scale/brueghel/3536.jpg,1603,janbrueghel/sailboats-on-a-canal,Sailboats on a Canal
Saint Hubertus in a Landscape,../img/scale/brueghel/3538.jpg,,janbrueghel/saint-hubertus-in-a-landscape,Saint Hubertus in a Landscape
Saint Jerome in a Landscape,../img/scale/brueghel/3539.jpg,1595,janbrueghel/saint-jerome-in-a-landscape,Saint Jerome in a Landscape
Sanctuary of a Gothic Church,../img/scale/brueghel/3541.jpg,,janbrueghel/sanctuary-of-a-gothic-church,Sanctuary of a Gothic Church
Sea Harbor with Preaching of Christ (Munich),../img/scale/brueghel/3542.jpg,1598,janbrueghel/sea-harbor-with-preaching-of-christ-munich,Sea Harbor with Preaching of Christ (Munich)
Sea Landscape with Fortification,../img/scale/brueghel/3543.jpg,1610,janbrueghel/sea-landscape-with-fortification,Sea Landscape with Fortification
Seagoing Vessels at Anchor in Calm Water,../img/scale/brueghel/3544.jpg,,janbrueghel/seagoing-vessels-at-anchor-in-calm-water,Seagoing Vessels at Anchor in Calm Water
Seascape with Rocks,../img/scale/brueghel/3545.jpg,1592,janbrueghel/seascape-with-rocks,Seascape with Rocks
Seven Sailboats,../img/scale/brueghel/3546.jpg,,janbrueghel/seven-sailboats,Seven Sailboats
Sheet of Studies of Figures and Carts,../img/scale/brueghel/3547.jpg,,janbrueghel/sheet-of-studies-of-figures-and-carts,Sheet of Studies of Figures and Carts
Sheet of Various Studies,../img/scale/brueghel/3549.jpg,,janbrueghel/sheet-of-various-studies,Sheet of Various Studies
Sheet of Various Studies for a PIcture of the Terrestrial Paradise,../img/scale/brueghel/3550.jpg,1604,janbrueghel/sheet-of-various-studies-for-a-picture-of-the-terrestrial-paradise,Sheet of Various Studies for a PIcture of the Terrestrial Paradise
Ships at a Jetty,../img/scale/brueghel/3551.jpg,1578,janbrueghel/ships-at-a-jetty,Ships at a Jetty
Six Chicken Studies,../img/scale/brueghel/3553.jpg,,janbrueghel/six-chicken-studies,Six Chicken Studies
Sleeping Nymphs Spied Upon by Satyrs,../img/scale/brueghel/3554.jpg,1620,janbrueghel/sleeping-nymphs-spied-upon-by-satyrs,Sleeping Nymphs Spied Upon by Satyrs
Sloth: Laborers Asleep in the Fields,../img/scale/brueghel/3555.jpg,1614,janbrueghel/sloth-laborers-asleep-in-the-fields,Sloth: Laborers Asleep in the Fields
Small River Landscape with Two Canoes,../img/scale/brueghel/3557.jpg,1610,janbrueghel/small-river-landscape-with-two-canoes,Small River Landscape with Two Canoes
Small Study of Three Figures,../img/scale/brueghel/3558.jpg,,janbrueghel/small-study-of-three-figures,Small Study of Three Figures
Small Study of a Man to Right with a Fishing Rod,../img/scale/brueghel/3559.jpg,,janbrueghel/small-study-of-a-man-to-right-with-a-fishing-rod,Small Study of a Man to Right with a Fishing Rod
Small Study of a Woman,../img/scale/brueghel/3560.jpg,,janbrueghel/small-study-of-a-woman,Small Study of a Woman
Snowy Village on a HIll,../img/scale/brueghel/3561.jpg,1620,janbrueghel/snowy-village-on-a-hill,Snowy Village on a HIll
Soldiers Resting in a Forest,../img/scale/brueghel/3562.jpg,1612,janbrueghel/soldiers-resting-in-a-forest,Soldiers Resting in a Forest
Soldiers in Forest Clearing,../img/scale/brueghel/3563.jpg,1607,janbrueghel/soldiers-in-forest-clearing,Soldiers in Forest Clearing
Spring (Braunschweig),../img/scale/brueghel/3564.jpg,1615,janbrueghel/spring-braunschweig,Spring (Braunschweig)
St. Jerome in a Mountainous Landscape (Belgium),../img/scale/brueghel/3565.jpg,1595,janbrueghel/st-jerome-in-a-mountainous-landscape-belgium,St. Jerome in a Mountainous Landscape (Belgium)
St. Martin Dividing His Cloak (London),../img/scale/brueghel/3567.jpg,1620,janbrueghel/st-martin-dividing-his-cloak-london,St. Martin Dividing His Cloak (London)
St. Martin Dividing His Cloak (Munich),../img/scale/brueghel/3568.jpg,1611,janbrueghel/st-martin-dividing-his-cloak-munich,St. Martin Dividing His Cloak (Munich)
St. Peter Celestine,../img/scale/brueghel/3570.jpg,1593,janbrueghel/st-peter-celestine,St. Peter Celestine
Stream Through Farmland (Amsterdam),../img/scale/brueghel/3573.jpg,1609,janbrueghel/stream-through-farmland-amsterdam,Stream Through Farmland (Amsterdam)
"Study of Monkeys, Birds, and Deer",../img/scale/brueghel/3583.jpg,1620,janbrueghel/study-of-monkeys-birds-and-deer,"Study of Monkeys, Birds, and Deer"
Tazza with Flowers Tumbling over the Bowl,../img/scale/brueghel/3592.jpg,1583,janbrueghel/tazza-with-flowers-tumbling-over-the-bowl,Tazza with Flowers Tumbling over the Bowl
Temptation of St. Anthony (Munich),../img/scale/brueghel/3604.jpg,1601,janbrueghel/temptation-of-st-anthony-munich,Temptation of St. Anthony (Munich)
Temptation of St. Anthony (New Haven),../img/scale/brueghel/3605.jpg,1594,janbrueghel/temptation-of-st-anthony-new-haven,Temptation of St. Anthony (New Haven)
Temptation of St. Anthony (Vienna),../img/scale/brueghel/3606.jpg,1603,janbrueghel/temptation-of-st-anthony-vienna,Temptation of St. Anthony (Vienna)
Temptation of St. Anthony with Temple of Vesta (Dresden),../img/scale/brueghel/3608.jpg,1604,janbrueghel/temptation-of-st-anthony-with-temple-of-vesta-dresden,Temptation of St. Anthony with Temple of Vesta (Dresden)
The Archdukes Outside Mariemont,../img/scale/brueghel/3609.jpg,1611,janbrueghel/the-archdukes-outside-mariemont,The Archdukes Outside Mariemont
The Archdukes and Company before Mariemont Castle,../img/scale/brueghel/3610.jpg,1611,janbrueghel/the-archdukes-and-company-before-mariemont-castle,The Archdukes and Company before Mariemont Castle
The Battle of Issus,../img/scale/brueghel/3612.jpg,1602,janbrueghel/the-battle-of-issus,The Battle of Issus
The Bird Trap,../img/scale/brueghel/3613.jpg,1600,janbrueghel/the-bird-trap,The Bird Trap
The Bittern-Hunter,../img/scale/brueghel/3614.jpg,1605,janbrueghel/the-bittern-hunter,The Bittern-Hunter
The Calling of Peter and Paul (Dresden),../img/scale/brueghel/3615.jpg,1608,janbrueghel/the-calling-of-peter-and-paul-dresden,The Calling of Peter and Paul (Dresden)
The Calling of Peter and Paul (St Petersburg),../img/scale/brueghel/3616.jpg,1608,janbrueghel/the-calling-of-peter-and-paul-st-petersburg,The Calling of Peter and Paul (St Petersburg)
The City in the Valley,../img/scale/brueghel/3617.jpg,1600,janbrueghel/the-city-in-the-valley,The City in the Valley
The Continence of Scipio,../img/scale/brueghel/3619.jpg,1600,janbrueghel/the-continence-of-scipio,The Continence of Scipio
The Conversion of Saul,../img/scale/brueghel/3620.jpg,1600,janbrueghel/the-conversion-of-saul,The Conversion of Saul
The Crucifixion (Vienna),../img/scale/brueghel/3621.jpg,1596,janbrueghel/the-crucifixion-vienna,The Crucifixion (Vienna)
The Goddess Ceres,../img/scale/brueghel/3625.jpg,1610,janbrueghel/the-goddess-ceres,The Goddess Ceres
The Golden Age,../img/scale/brueghel/3626.jpg,1600,janbrueghel/the-golden-age,The Golden Age
The Harvest: Allegory of Summer,../img/scale/brueghel/3627.jpg,1596,janbrueghel/the-harvest-allegory-of-summer,The Harvest: Allegory of Summer
The Marriage Feast of Bacchus (Dresden),../img/scale/brueghel/3629.jpg,1608,janbrueghel/the-marriage-feast-of-bacchus-dresden,The Marriage Feast of Bacchus (Dresden)
The Marriage Feast of Bacchus (Paris),../img/scale/brueghel/3630.jpg,1608,janbrueghel/the-marriage-feast-of-bacchus-paris,The Marriage Feast of Bacchus (Paris)
The Mill on the Pier,../img/scale/brueghel/3631.jpg,1613,janbrueghel/the-mill-on-the-pier,The Mill on the Pier
The Virgin Appearing to Sea-Farers,../img/scale/brueghel/3649.jpg,1606,janbrueghel/the-virgin-appearing-to-sea-farers,The Virgin Appearing to Sea-Farers
The Vision of St. Hubert (Madrid),../img/scale/brueghel/3651.jpg,1617,janbrueghel/the-vision-of-st-hubert-madrid,The Vision of St. Hubert (Madrid)
Tower of Babel (Antwerp),../img/scale/brueghel/3659.jpg,1602,janbrueghel/tower-of-babel-antwerp,Tower of Babel (Antwerp)
Travelers Meeting Band of Gypsies on Mountain Pass,../img/scale/brueghel/3661.jpg,1612,janbrueghel/travelers-meeting-band-of-gypsies-on-mountain-pass,Travelers Meeting Band of Gypsies on Mountain Pass
Travelers Pausing before an Inn,../img/scale/brueghel/3662.jpg,1616,janbrueghel/travelers-pausing-before-an-inn,Travelers Pausing before an Inn
Travelers on Flooded Road Near a Windmill,../img/scale/brueghel/3663.jpg,1614,janbrueghel/travelers-on-flooded-road-near-a-windmill,Travelers on Flooded Road Near a Windmill
Travelers on a Country Road,../img/scale/brueghel/3664.jpg,1610,janbrueghel/travelers-on-a-country-road,Travelers on a Country Road
Travelers on a Country Road (Paris),../img/scale/brueghel/3665.jpg,1611,janbrueghel/travelers-on-a-country-road-paris,Travelers on a Country Road (Paris)
Travelers on a Country Road with a Village Beyond,../img/scale/brueghel/3666.jpg,1610,janbrueghel/travelers-on-a-country-road-with-a-village-beyond,Travelers on a Country Road with a Village Beyond
Travelers on a Forest Road,../img/scale/brueghel/3667.jpg,1607,janbrueghel/travelers-on-a-forest-road,Travelers on a Forest Road
Travelers on a Forested Road,../img/scale/brueghel/3668.jpg,1605,janbrueghel/travelers-on-a-forested-road,Travelers on a Forested Road
Travelers on a Hilltop Road,../img/scale/brueghel/3669.jpg,1610,janbrueghel/travelers-on-a-hilltop-road,Travelers on a Hilltop Road
Travelers on a Road Above a River Valley,../img/scale/brueghel/3670.jpg,1608,janbrueghel/travelers-on-a-road-above-a-river-valley,Travelers on a Road Above a River Valley
Triumph of Bacchus,../img/scale/brueghel/3672.jpg,1610,janbrueghel/triumph-of-bacchus,Triumph of Bacchus
Triumph of Bacchus (Glasgow),../img/scale/brueghel/3673.jpg,1610,janbrueghel/triumph-of-bacchus-glasgow,Triumph of Bacchus (Glasgow)
Two Dutch Battle Ships,../img/scale/brueghel/3674.jpg,1599,janbrueghel/two-dutch-battle-ships,Two Dutch Battle Ships
Vast Landscape with a Hunt,../img/scale/brueghel/3675.jpg,,janbrueghel/vast-landscape-with-a-hunt,Vast Landscape with a Hunt
Venetian Harbor Scene,../img/scale/brueghel/3676.jpg,1600,janbrueghel/venetian-harbor-scene,Venetian Harbor Scene
"Venus, Vulcan and Amor",../img/scale/brueghel/3677.jpg,1620,janbrueghel/venus-vulcan-and-amor,"Venus, Vulcan and Amor"
Venus Arming Mars,../img/scale/brueghel/3678.jpg,1608,janbrueghel/venus-arming-mars,Venus Arming Mars
Venus Mourning the Death of Adonis,../img/scale/brueghel/3679.jpg,1610,janbrueghel/venus-mourning-the-death-of-adonis,Venus Mourning the Death of Adonis
Venus and Adonis,../img/scale/brueghel/3680.jpg,1610,janbrueghel/venus-and-adonis,Venus and Adonis
Venus and Adonis in a Forest Landscape,../img/scale/brueghel/3681.jpg,1600,janbrueghel/venus-and-adonis-in-a-forest-landscape,Venus and Adonis in a Forest Landscape
Venus and Amor,../img/scale/brueghel/3682.jpg,1605,janbrueghel/venus-and-amor,Venus and Amor
Venus and Amor (St. Petersburg),../img/scale/brueghel/3683.jpg,1608,janbrueghel/venus-and-amor-st-petersburg,Venus and Amor (St. Petersburg)
Venus and Amor as Allegory of Abundance,../img/scale/brueghel/3684.jpg,1600,janbrueghel/venus-and-amor-as-allegory-of-abundance,Venus and Amor as Allegory of Abundance
Venus and Mars,../img/scale/brueghel/3685.jpg,1613,janbrueghel/venus-and-mars,Venus and Mars
Venus and Mars Surprised by Vulcan,../img/scale/brueghel/3686.jpg,1606,janbrueghel/venus-and-mars-surprised-by-vulcan,Venus and Mars Surprised by Vulcan
Venus and Mars in the Forge of Vulcan,../img/scale/brueghel/3687.jpg,1623,janbrueghel/venus-and-mars-in-the-forge-of-vulcan,Venus and Mars in the Forge of Vulcan
Venus as Ceres with Apollo,../img/scale/brueghel/3688.jpg,1595,janbrueghel/venus-as-ceres-with-apollo,Venus as Ceres with Apollo
View Down a River through a Village,../img/scale/brueghel/3689.jpg,1603,janbrueghel/view-down-a-river-through-a-village,View Down a River through a Village
"View in Rome with S. Maria in Cosmedin, the Round Temple, and the So-Called Temple of Fortuna Virilis",../img/scale/brueghel/3690.jpg,1594,janbrueghel/view-in-rome-with-s-maria-in-cosmedin-the-round-temple-and-the-so-called-temple-of-fortuna,"View in Rome with S. Maria in Cosmedin, the Round Temple, and the So-Called Temple of Fortuna Virilis"
View in a Valley from the Edge of a Mountain Road,../img/scale/brueghel/3691.jpg,,janbrueghel/view-in-a-valley-from-the-edge-of-a-mountain-road,View in a Valley from the Edge of a Mountain Road
View of Antwerp from the Scheldt,../img/scale/brueghel/3692.jpg,1610,janbrueghel/view-of-antwerp-from-the-scheldt,View of Antwerp from the Scheldt
"View of Bakkers Veer, Netherlands",../img/scale/brueghel/3693.jpg,,janbrueghel/view-of-bakkers-veer-netherlands,"View of Bakkers Veer, Netherlands"
View of Mariemont Castle,../img/scale/brueghel/3695.jpg,1611,janbrueghel/view-of-mariemont-castle,View of Mariemont Castle
View of Ruhrort and Duisburg,../img/scale/brueghel/3696.jpg,,janbrueghel/view-of-ruhrort-and-duisburg,View of Ruhrort and Duisburg
View of Tivoli,../img/scale/brueghel/3699.jpg,1600,janbrueghel/view-of-tivoli,View of Tivoli
View of Waterfalls in Tivoli,../img/scale/brueghel/3700.jpg,1593,janbrueghel/view-of-waterfalls-in-tivoli,View of Waterfalls in Tivoli
Village Canal,../img/scale/brueghel/3707.jpg,1602,janbrueghel/village-canal,Village Canal
Village Kermis,../img/scale/brueghel/3712.jpg,1612,janbrueghel/village-kermis,Village Kermis
Village Landscape with Cattle Market,../img/scale/brueghel/3714.jpg,1613,janbrueghel/village-landscape-with-cattle-market,Village Landscape with Cattle Market
Village Landscape with Cows,../img/scale/brueghel/3716.jpg,1609,janbrueghel/village-landscape-with-cows,Village Landscape with Cows
Village Landscape with a Wood Cutter,../img/scale/brueghel/3718.jpg,1610,janbrueghel/village-landscape-with-a-wood-cutter,Village Landscape with a Wood Cutter
Village Meeting Place under Two Old Trees,../img/scale/brueghel/3719.jpg,1612,janbrueghel/village-meeting-place-under-two-old-trees,Village Meeting Place under Two Old Trees
"Village Road, Cruybeke",../img/scale/brueghel/3720.jpg,,janbrueghel/village-road-cruybeke,"Village Road, Cruybeke"
Village Road with a Pond and Cattle,../img/scale/brueghel/3721.jpg,,janbrueghel/village-road-with-a-pond-and-cattle,Village Road with a Pond and Cattle
Village Scene (Amsterdam),../img/scale/brueghel/3723.jpg,1600,janbrueghel/village-scene-amsterdam,Village Scene (Amsterdam)
Village Scene with a Forge,../img/scale/brueghel/3724.jpg,1603,janbrueghel/village-scene-with-a-forge,Village Scene with a Forge
Village Square,../img/scale/brueghel/3725.jpg,,janbrueghel/village-square,Village Square
Village Street,../img/scale/brueghel/3726.jpg,1610,janbrueghel/village-street,Village Street
Village Street (London),../img/scale/brueghel/3727.jpg,,janbrueghel/village-street-london,Village Street (London)
Village Street with Cart,../img/scale/brueghel/3728.jpg,1618,janbrueghel/village-street-with-cart,Village Street with Cart
Village Street with Dancing Peasants,../img/scale/brueghel/3730.jpg,1609,janbrueghel/village-street-with-dancing-peasants,Village Street with Dancing Peasants
Village Street with Drinking Horse,../img/scale/brueghel/3731.jpg,1613,janbrueghel/village-street-with-drinking-horse,Village Street with Drinking Horse
Village Street with Travelers and Cattle,../img/scale/brueghel/3732.jpg,1610,janbrueghel/village-street-with-travelers-and-cattle,Village Street with Travelers and Cattle
Village Street with Trees,../img/scale/brueghel/3733.jpg,1610,janbrueghel/village-street-with-trees,Village Street with Trees
Village Wedding Procession (Madrid),../img/scale/brueghel/3734.jpg,1612,janbrueghel/village-wedding-procession-madrid,Village Wedding Procession (Madrid)
Village Wharf,../img/scale/brueghel/3735.jpg,,janbrueghel/village-wharf,Village Wharf
Village at End of a Canal,../img/scale/brueghel/3736.jpg,1607,janbrueghel/village-at-end-of-a-canal,Village at End of a Canal
Village by a River,../img/scale/brueghel/3738.jpg,1600,janbrueghel/village-by-a-river,Village by a River
A Village in the Mountains,../img/scale/brueghel/3739.jpg,1612,janbrueghel/a-village-in-the-mountains,A Village in the Mountains
Village with Dancing Peasants,../img/scale/brueghel/3740.jpg,1609,janbrueghel/village-with-dancing-peasants,Village with Dancing Peasants
Villagers on Their Way to Market,../img/scale/brueghel/3741.jpg,1615,janbrueghel/villagers-on-their-way-to-market,Villagers on Their Way to Market
"Virgin Mary and St. Joseph and the Christ Child, St. John, and Angels Playing with the Instruments of Passion",../img/scale/brueghel/3742.jpg,,janbrueghel/virgin-mary-and-st-joseph-and-the-christ-child-st-john-and-angels-playing-with-the,"Virgin Mary and St. Joseph and the Christ Child, St. John, and Angels Playing with the Instruments of Passion"
Virgin and Child in a Flower Garland (Paris),../img/scale/brueghel/3743.jpg,1621,janbrueghel/virgin-and-child-in-a-flower-garland-paris,Virgin and Child in a Flower Garland (Paris)
Vision of St. John on Patmos (Rome),../img/scale/brueghel/3744.jpg,1593,janbrueghel/vision-of-st-john-on-patmos-rome,Vision of St. John on Patmos (Rome)
Visit to the Tenants,../img/scale/brueghel/3747.jpg,1597,janbrueghel/visit-to-the-tenants,Visit to the Tenants
Way to Market on Forested Road,../img/scale/brueghel/3749.jpg,1605,janbrueghel/way-to-market-on-forested-road,Way to Market on Forested Road
Wide Landscape with Wagon and Travelers,../img/scale/brueghel/3754.jpg,1605,janbrueghel/wide-landscape-with-wagon-and-travelers,Wide Landscape with Wagon and Travelers
Wide River Landscape with Travelers,../img/scale/brueghel/3762.jpg,1615,janbrueghel/wide-river-landscape-with-travelers,Wide River Landscape with Travelers
Wide Winter Landscape (Madrid),../img/scale/brueghel/3764.jpg,1610,janbrueghel/wide-winter-landscape-madrid,Wide Winter Landscape (Madrid)
Windmill in a River Landscape,../img/scale/brueghel/3766.jpg,1610,janbrueghel/windmill-in-a-river-landscape,Windmill in a River Landscape
Winter (Braunschweig),../img/scale/brueghel/3768.jpg,1615,janbrueghel/winter-braunschweig,Winter (Braunschweig)
Winter Village Landscape with Ice Skaters,../img/scale/brueghel/3774.jpg,1615,janbrueghel/winter-village-landscape-with-ice-skaters,Winter Village Landscape with Ice Skaters
Wooded Landscape with Houses and Walkers,../img/scale/brueghel/3778.jpg,1600,janbrueghel/wooded-landscape-with-houses-and-walkers,Wooded Landscape with Houses and Walkers
Woodland Landscape with Travelers on a Path,../img/scale/brueghel/3783.jpg,1611,janbrueghel/woodland-landscape-with-travelers-on-a-path,Woodland Landscape with Travelers on a Path
Woodland Road,../img/scale/brueghel/3784.jpg,1604,janbrueghel/woodland-road,Woodland Road
Woodland Road near a Village,../img/scale/brueghel/3785.jpg,1610,janbrueghel/woodland-road-near-a-village,Woodland Road near a Village
Woodland Road with Chapel,../img/scale/brueghel/3786.jpg,1610,janbrueghel/woodland-road-with-chapel,Woodland Road with Chapel
Woodland Scene with Stags and Bears,../img/scale/brueghel/3787.jpg,,janbrueghel/woodland-scene-with-stags-and-bears,Woodland Scene with Stags and Bears
Allegory: The Dream of Raphael (Circe & Ulysses),../img/scale/brueghel/3790.jpg,1595,janbrueghel/allegory-the-dream-of-raphael-circe-ulysses,Allegory: The Dream of Raphael (Circe & Ulysses)
Allegory of Air (Lyon),../img/scale/brueghel/3793.jpg,1611,janbrueghel/allegory-of-air-lyon,Allegory of Air (Lyon)
Allegory of Earth (Lyon),../img/scale/brueghel/3794.jpg,1610,janbrueghel/allegory-of-earth-lyon,Allegory of Earth (Lyon)
Allegory of Earth (Paris),../img/scale/brueghel/3795.jpg,1611,janbrueghel/allegory-of-earth-paris,Allegory of Earth (Paris)
Allegory of Fire: Venus in the Forge of Vulcan (Lyon),../img/scale/brueghel/3796.jpg,1606,janbrueghel/allegory-of-fire-venus-in-the-forge-of-vulcan-lyon,Allegory of Fire: Venus in the Forge of Vulcan (Lyon)
Allegory of Water (Lyon),../img/scale/brueghel/3798.jpg,1610,janbrueghel/allegory-of-water-lyon,Allegory of Water (Lyon)
Allegory of the Five Senses,../img/scale/brueghel/3799.jpg,1617,janbrueghel/allegory-of-the-five-senses,Allegory of the Five Senses
Cleansing the Child of Israel,../img/scale/brueghel/3805.jpg,1610,janbrueghel/cleansing-the-child-of-israel,Cleansing the Child of Israel
Coastal Landscape with Sacrifice of Jonah (London),../img/scale/brueghel/3806.jpg,1595,janbrueghel/coastal-landscape-with-sacrifice-of-jonah-london,Coastal Landscape with Sacrifice of Jonah (London)
Crossing in the Forest,../img/scale/brueghel/3808.jpg,1608,janbrueghel/crossing-in-the-forest,Crossing in the Forest
Fruit Garland with Offering to Ceres,../img/scale/brueghel/3825.jpg,1618,janbrueghel/fruit-garland-with-offering-to-ceres,Fruit Garland with Offering to Ceres
Landscape with Wagon Train,../img/scale/brueghel/3833.jpg,1622,janbrueghel/landscape-with-wagon-train,Landscape with Wagon Train
No Room at the Inn (Germany),../img/scale/brueghel/3835.jpg,1608,janbrueghel/no-room-at-the-inn-germany,No Room at the Inn (Germany)
No Room at the Inn (London),../img/scale/brueghel/3836.jpg,1607,janbrueghel/no-room-at-the-inn-london,No Room at the Inn (London)
"Nymphs Sleeping After the Hunt, Spied on by Satyr",../img/scale/brueghel/3837.jpg,1620,janbrueghel/nymphs-sleeping-after-the-hunt-spied-on-by-satyr,"Nymphs Sleeping After the Hunt, Spied on by Satyr"
Orpheus Sings for Pluto and Proserpina,../img/scale/brueghel/3838.jpg,1594,janbrueghel/orpheus-sings-for-pluto-and-proserpina,Orpheus Sings for Pluto and Proserpina
Pan and Syrinx (England),../img/scale/brueghel/3839.jpg,,janbrueghel/pan-and-syrinx-england,Pan and Syrinx (England)
Paradise with Fall of Man (Brentford),../img/scale/brueghel/3841.jpg,1613,janbrueghel/paradise-with-fall-of-man-brentford,Paradise with Fall of Man (Brentford)
Rest on the Flight into Egypt (Germany),../img/scale/brueghel/3843.jpg,1604,janbrueghel/rest-on-the-flight-into-egypt-germany,Rest on the Flight into Egypt (Germany)
River Landscape with Landing Stage at a Village,../img/scale/brueghel/3844.jpg,1609,janbrueghel/river-landscape-with-landing-stage-at-a-village,River Landscape with Landing Stage at a Village
River with Village and Landing Stage,../img/scale/brueghel/3845.jpg,1606,janbrueghel/river-with-village-and-landing-stage,River with Village and Landing Stage
Road at Edge of a Hill with Travelers,../img/scale/brueghel/3846.jpg,1606,janbrueghel/road-at-edge-of-a-hill-with-travelers,Road at Edge of a Hill with Travelers
Rocky Landscape with Flight into Egypt (London),../img/scale/brueghel/3847.jpg,1605,janbrueghel/rocky-landscape-with-flight-into-egypt-london,Rocky Landscape with Flight into Egypt (London)
Rocky Landscape with Flight into Egypt (New York),../img/scale/brueghel/3848.jpg,1600,janbrueghel/rocky-landscape-with-flight-into-egypt-new-york,Rocky Landscape with Flight into Egypt (New York)
Temptation of St. Anthony in a Forest (Italy),../img/scale/brueghel/3853.jpg,1595,janbrueghel/temptation-of-st-anthony-in-a-forest-italy,Temptation of St. Anthony in a Forest (Italy)
The Banquet of Achelous,../img/scale/brueghel/3854.jpg,1615,janbrueghel/the-banquet-of-achelous,The Banquet of Achelous
The Contest of Apollo and Marsyas (Judgment of Midas),../img/scale/brueghel/3855.jpg,1599,janbrueghel/the-contest-of-apollo-and-marsyas-judgment-of-midas,The Contest of Apollo and Marsyas (Judgment of Midas)
The Triumph of Death,../img/scale/brueghel/3863.jpg,1597,janbrueghel/the-triumph-of-death,The Triumph of Death
View of Heidelberg (New York),../img/scale/brueghel/3865.jpg,1588,janbrueghel/view-of-heidelberg-new-york,View of Heidelberg (New York)
View over a Broad River Valley with Gypsies,../img/scale/brueghel/3866.jpg,1594,janbrueghel/view-over-a-broad-river-valley-with-gypsies,View over a Broad River Valley with Gypsies
Village Kermis in Schelle with Self Portrait,../img/scale/brueghel/3868.jpg,1614,janbrueghel/village-kermis-in-schelle-with-self-portrait,Village Kermis in Schelle with Self Portrait
"Village Landscape with Dancers, Ballad Singers, and Possible Self Portrait",../img/scale/brueghel/3869.jpg,1616,janbrueghel/village-landscape-with-dancers-ballad-singers-and-possible-self-portrait,"Village Landscape with Dancers, Ballad Singers, and Possible Self Portrait"
Village Street with Carts and Horses,../img/scale/brueghel/3870.jpg,1600,janbrueghel/village-street-with-carts-and-horses,Village Street with Carts and Horses
Village at End of a Canal with Urban Visitors,../img/scale/brueghel/3871.jpg,1609,janbrueghel/village-at-end-of-a-canal-with-urban-visitors,Village at End of a Canal with Urban Visitors
Wide Landscape with Travelers and Wagons,../img/scale/brueghel/3872.jpg,1610,janbrueghel/wide-landscape-with-travelers-and-wagons,Wide Landscape with Travelers and Wagons
View of City along a River,../img/scale/brueghel/3898.jpg,1630,janbrueghel/view-of-city-along-a-river,View of City along a River
Castle Mariemont with the Duchess Isabella,../img/scale/brueghel/3904.jpg,1611,janbrueghel/castle-mariemont-with-the-duchess-isabella,Castle Mariemont with the Duchess Isabella
Allegory of Air (Paris),../img/scale/brueghel/3924.jpg,1621,janbrueghel/allegory-of-air-paris,Allegory of Air (Paris)
"Archduke Albrecht with Infante Isabella in the Garden of Coudenberg Palace, Brussels",../img/scale/brueghel/5551.jpg,,janbrueghel/archduke-albrecht-with-infante-isabella-in-the-garden-of-coudenberg-palace-brussels,"Archduke Albrecht with Infante Isabella in the Garden of Coudenberg Palace, Brussels"
The Palace of Isabella Clara Eugenia at Tervuren,../img/scale/brueghel/5552.jpg,,janbrueghel/the-palace-of-isabella-clara-eugenia-at-tervuren,The Palace of Isabella Clara Eugenia at Tervuren
Meal Time of The Gods,../img/scale/brueghel/5553.jpg,1616,janbrueghel/meal-time-of-the-gods,Meal Time of The Gods
River landscape with a ferry and windmill,../img/scale/brueghel/9564.jpg,1600,janbrueghel/river-landscape-with-a-ferry-and-windmill,River landscape with a ferry and windmill
Path over a Valley,../img/scale/brueghel/9566.jpg,1600,janbrueghel/path-over-a-valley,Path over a Valley
Mountainous Landscape with Tobit and the Angel,../img/scale/brueghel/9568.jpg,,janbrueghel/mountainous-landscape-with-tobit-and-the-angel,Mountainous Landscape with Tobit and the Angel
Rest on the Flight into Egypt,../img/scale/brueghel/9569.jpg,1596,janbrueghel/rest-on-the-flight-into-egypt,Rest on the Flight into Egypt
Coastal landscape with a windmill,../img/scale/brueghel/9574.jpg,1600,janbrueghel/coastal-landscape-with-a-windmill,Coastal landscape with a windmill
Riverscape with boats,../img/scale/brueghel/9577.jpg,,janbrueghel/riverscape-with-boats,Riverscape with boats
Landscape with a stag hunt,../img/scale/brueghel/9584.jpg,1607,janbrueghel/landscape-with-a-stag-hunt,Landscape with a stag hunt
The Fisherman,../img/scale/brueghel/9585.jpg,1650,janbrueghel/the-fisherman,The Fisherman
River Landscape with Landing Stage (Amsterdam RP-T-1881-A-132),../img/scale/brueghel/9604.jpg,,janbrueghel/river-landscape-with-landing-stage-amsterdam-rp-t-1881-a-132,River Landscape with Landing Stage (Amsterdam RP-T-1881-A-132)
Village Scene (Antwerp),../img/scale/brueghel/9608.jpg,,janbrueghel/village-scene-antwerp,Village Scene (Antwerp)
Ancient Ruins (Berlin),../img/scale/brueghel/9611.jpg,1593,janbrueghel/ancient-ruins-berlin,Ancient Ruins (Berlin)
Country Road with Three Riders,../img/scale/brueghel/9613.jpg,,janbrueghel/country-road-with-three-riders,Country Road with Three Riders
Country Road with Wagons on Plain,../img/scale/brueghel/9614.jpg,1618,janbrueghel/country-road-with-wagons-on-plain,Country Road with Wagons on Plain
Village with Covered Wagon by a River,../img/scale/brueghel/9615.jpg,,janbrueghel/village-with-covered-wagon-by-a-river,Village with Covered Wagon by a River
Wagon on Road through Forest,../img/scale/brueghel/9616.jpg,,janbrueghel/wagon-on-road-through-forest,Wagon on Road through Forest
Winter Scene with Boats and Skaters,../img/scale/brueghel/9617.jpg,,janbrueghel/winter-scene-with-boats-and-skaters,Winter Scene with Boats and Skaters
"Three Wagons; Wagons, Horses, and Peasants (verso)",../img/scale/brueghel/9618.jpg,,janbrueghel/three-wagons-wagons-horses-and-peasants-verso,"Three Wagons; Wagons, Horses, and Peasants (verso)"
Studies of Peasants with Pigs and Wagons,../img/scale/brueghel/9619.jpg,,janbrueghel/studies-of-peasants-with-pigs-and-wagons,Studies of Peasants with Pigs and Wagons
Village Square with Ferry,../img/scale/brueghel/9629.jpg,,janbrueghel/village-square-with-ferry,Village Square with Ferry
River with Sailboats,../img/scale/brueghel/9630.jpg,,janbrueghel/river-with-sailboats,River with Sailboats
Study of Parrots,../img/scale/brueghel/9634.jpg,,janbrueghel/study-of-parrots,Study of Parrots
Landscape near Ferrara,../img/scale/brueghel/9635.jpg,,janbrueghel/landscape-near-ferrara,Landscape near Ferrara
Repairing the Wagon,../img/scale/brueghel/9636.jpg,,janbrueghel/repairing-the-wagon,Repairing the Wagon
A Group of Peasants,../img/scale/brueghel/9640.jpg,,janbrueghel/a-group-of-peasants,A Group of Peasants
Mountainous Landscape with Exotic Animals,../img/scale/brueghel/9642.jpg,,janbrueghel/mountainous-landscape-with-exotic-animals,Mountainous Landscape with Exotic Animals
Two Studies of an Ostrich,../img/scale/brueghel/9646.jpg,,janbrueghel/two-studies-of-an-ostrich,Two Studies of an Ostrich
"View of the Septizonium Severi, Rome, and the Entry to S. Gregorio Magno",../img/scale/brueghel/9649.jpg,1599,janbrueghel/view-of-the-septizonium-severi-rome-and-the-entry-to-s-gregorio-magno,"View of the Septizonium Severi, Rome, and the Entry to S. Gregorio Magno"
"The Forum Boarium and S. Maria in Cosmedin, Rome",../img/scale/brueghel/9650.jpg,1599,janbrueghel/the-forum-boarium-and-s-maria-in-cosmedin-rome,"The Forum Boarium and S. Maria in Cosmedin, Rome"
"Rome: View of the Forum, with Columns of the Temple of Castor and Pollux",../img/scale/brueghel/9653.jpg,1599,janbrueghel/rome-view-of-the-forum-with-columns-of-the-temple-of-castor-and-pollux,"Rome: View of the Forum, with Columns of the Temple of Castor and Pollux"
"The Arch of Septimius Severus, Rome",../img/scale/brueghel/9655.jpg,,janbrueghel/the-arch-of-septimius-severus-rome,"The Arch of Septimius Severus, Rome"
"View of the Ripa Grande, Rome",../img/scale/brueghel/9656.jpg,,janbrueghel/view-of-the-ripa-grande-rome,"View of the Ripa Grande, Rome"
Peasants Loading a One-horse Cart with Root Vegetables,../img/scale/brueghel/9657.jpg,,janbrueghel/peasants-loading-a-one-horse-cart-with-root-vegetables,Peasants Loading a One-horse Cart with Root Vegetables
Ponte San Rocco at Tivoli,../img/scale/brueghel/9661.jpg,,janbrueghel/ponte-san-rocco-at-tivoli,Ponte San Rocco at Tivoli
River Landscape with City,../img/scale/brueghel/9663.jpg,1595,janbrueghel/river-landscape-with-city,River Landscape with City
River Landscape with Fishing Boats,../img/scale/brueghel/9664.jpg,1600,janbrueghel/river-landscape-with-fishing-boats,River Landscape with Fishing Boats
Village Street (Darmstadt),../img/scale/brueghel/9665.jpg,,janbrueghel/village-street-darmstadt,Village Street (Darmstadt)
Pig Market,../img/scale/brueghel/9669.jpg,,janbrueghel/pig-market,Pig Market
Fortification and Towers at a Harbor,../img/scale/brueghel/9670.jpg,,janbrueghel/fortification-and-towers-at-a-harbor,Fortification and Towers at a Harbor
Venus in the Smithy of Vulcan,../img/scale/brueghel/9671.jpg,1608,janbrueghel/venus-in-the-smithy-of-vulcan,Venus in the Smithy of Vulcan
"Mountain Landscape: Road with Figures, Pilgrim With Dog",../img/scale/brueghel/9674.jpg,,janbrueghel/mountain-landscape-road-with-figures-pilgrim-with-dog,"Mountain Landscape: Road with Figures, Pilgrim With Dog"
People in a Sailing Boat,../img/scale/brueghel/9677.jpg,,janbrueghel/people-in-a-sailing-boat,People in a Sailing Boat
"View of the Right Bank of the Tiber, with S. Giovanni dei Fiorentini on the Right",../img/scale/brueghel/9678.jpg,,janbrueghel/view-of-the-right-bank-of-the-tiber-with-s-giovanni-dei-fiorentini-on-the-right,"View of the Right Bank of the Tiber, with S. Giovanni dei Fiorentini on the Right"
Landscape with Country House and Farms,../img/scale/brueghel/9680.jpg,,janbrueghel/landscape-with-country-house-and-farms,Landscape with Country House and Farms
Woodland Scene with Travellers to the Market,../img/scale/brueghel/9682.jpg,,janbrueghel/woodland-scene-with-travellers-to-the-market,Woodland Scene with Travellers to the Market
The Wedding Dance (Florence),../img/scale/brueghel/9686.jpg,,janbrueghel/the-wedding-dance-florence,The Wedding Dance (Florence)
Landscape with Covered Wagon and View of Antwerp,../img/scale/brueghel/9687.jpg,1604,janbrueghel/landscape-with-covered-wagon-and-view-of-antwerp,Landscape with Covered Wagon and View of Antwerp
The Temptation of Saint Anthony,../img/scale/brueghel/9689.jpg,1600,janbrueghel/the-temptation-of-saint-anthony,The Temptation of Saint Anthony
Skaters on a Frozen Canal,../img/scale/brueghel/9691.jpg,,janbrueghel/skaters-on-a-frozen-canal,Skaters on a Frozen Canal
Peasants on the Move,../img/scale/brueghel/9693.jpg,,janbrueghel/peasants-on-the-move,Peasants on the Move
View of the Interior of the Colosseum in Rome,../img/scale/brueghel/9701.jpg,1602,janbrueghel/view-of-the-interior-of-the-colosseum-in-rome,View of the Interior of the Colosseum in Rome
"Plowman, Two Horses, Woman, and Child",../img/scale/brueghel/9703.jpg,,janbrueghel/plowman-two-horses-woman-and-child,"Plowman, Two Horses, Woman, and Child"
Landscape with Wagons on a Road,../img/scale/brueghel/9711.jpg,1615,janbrueghel/landscape-with-wagons-on-a-road,Landscape with Wagons on a Road
Woodland Scene with Bears,../img/scale/brueghel/9713.jpg,1540,janbrueghel/woodland-scene-with-bears,Woodland Scene with Bears
Skating Scene,../img/scale/brueghel/9714.jpg,1650,janbrueghel/skating-scene,Skating Scene
Peasants with Cattle and Wagons on a Road,../img/scale/brueghel/9716.jpg,1610,janbrueghel/peasants-with-cattle-and-wagons-on-a-road,Peasants with Cattle and Wagons on a Road
"View of the Temple of Minerva Medica, Rome",../img/scale/brueghel/9717.jpg,1587,janbrueghel/view-of-the-temple-of-minerva-medica-rome,"View of the Temple of Minerva Medica, Rome"
Wagon and Cart in a Roadway on the Border of a Wood,../img/scale/brueghel/9721.jpg,,janbrueghel/wagon-and-cart-in-a-roadway-on-the-border-of-a-wood,Wagon and Cart in a Roadway on the Border of a Wood
Sheet of Figure Studies,../img/scale/brueghel/9724.jpg,1609,janbrueghel/sheet-of-figure-studies,Sheet of Figure Studies
Mountainous River Landscape,../img/scale/brueghel/9725.jpg,,janbrueghel/mountainous-river-landscape,Mountainous River Landscape
"Trees, Birds, Fruits, and Flowers",../img/scale/brueghel/9727.jpg,,janbrueghel/trees-birds-fruits-and-flowers,"Trees, Birds, Fruits, and Flowers"
Sketches of Carts and Horses,../img/scale/brueghel/9728.jpg,1602,janbrueghel/sketches-of-carts-and-horses,Sketches of Carts and Horses
Coaching Inn in a Village,../img/scale/brueghel/9729.jpg,1700,janbrueghel/coaching-inn-in-a-village,Coaching Inn in a Village
Scene of a River Bank,../img/scale/brueghel/9731.jpg,,janbrueghel/scene-of-a-river-bank,Scene of a River Bank
Landscape with Flight into Egypt,../img/scale/brueghel/9732.jpg,,janbrueghel/landscape-with-flight-into-egypt,Landscape with Flight into Egypt
Sailboats and a City in the Distance,../img/scale/brueghel/9733.jpg,,janbrueghel/sailboats-and-a-city-in-the-distance,Sailboats and a City in the Distance
Garden of Eden (Yale 1961.62.23),../img/scale/brueghel/9734.jpg,,janbrueghel/garden-of-eden-yale-19616223,Garden of Eden (Yale 1961.62.23)
Rocky Landscape (Yale),../img/scale/brueghel/9737.jpg,,janbrueghel/rocky-landscape-yale,Rocky Landscape (Yale)
River Scene,../img/scale/brueghel/9744.jpg,,janbrueghel/river-scene,River Scene
View of the Temples of Venus and of Diana in Baia from the South,../img/scale/brueghel/9746.jpg,1594,janbrueghel/view-of-the-temples-of-venus-and-of-diana-in-baia-from-the-south,View of the Temples of Venus and of Diana in Baia from the South
Cargo Vessels and Rowboats off a Wharf,../img/scale/brueghel/9748.jpg,1614,janbrueghel/cargo-vessels-and-rowboats-off-a-wharf,Cargo Vessels and Rowboats off a Wharf
Village Traversed by a River,../img/scale/brueghel/9749.jpg,,janbrueghel/village-traversed-by-a-river,Village Traversed by a River
View of the Tiber with the Ponte Sisto and Saint Peters in the Distance,../img/scale/brueghel/9750.jpg,1595,janbrueghel/view-of-the-tiber-with-the-ponte-sisto-and-saint-peters-in-the-distance,View of the Tiber with the Ponte Sisto and Saint Peters in the Distance
Village Landscape,../img/scale/brueghel/9757.jpg,1625,janbrueghel/village-landscape,Village Landscape
Hilly Landscape,../img/scale/brueghel/9760.jpg,1615,janbrueghel/hilly-landscape,Hilly Landscape
"View of Cruybeke, Belgium",../img/scale/brueghel/9761.jpg,1620,janbrueghel/view-of-cruybeke-belgium,"View of Cruybeke, Belgium"
Barges and Boats on a River,../img/scale/brueghel/9763.jpg,,janbrueghel/barges-and-boats-on-a-river,Barges and Boats on a River
Mills of the Edge of a River,../img/scale/brueghel/9764.jpg,,janbrueghel/mills-of-the-edge-of-a-river,Mills of the Edge of a River
Village on the Left Bank of a Canal,../img/scale/brueghel/9766.jpg,,janbrueghel/village-on-the-left-bank-of-a-canal,Village on the Left Bank of a Canal
River Bank,../img/scale/brueghel/9768.jpg,,janbrueghel/river-bank,River Bank
View of a City before Hills,../img/scale/brueghel/9771.jpg,,janbrueghel/view-of-a-city-before-hills,View of a City before Hills
River Estuary,../img/scale/brueghel/9772.jpg,,janbrueghel/river-estuary,River Estuary
The Mill,../img/scale/brueghel/9773.jpg,,janbrueghel/the-mill,The Mill
Country Road with Four Windmills,../img/scale/brueghel/9777.jpg,1618,janbrueghel/country-road-with-four-windmills,Country Road with Four Windmills
Archduke Albert of Austria with Women on a Platform,../img/scale/brueghel/9778.jpg,1606,janbrueghel/archduke-albert-of-austria-with-women-on-a-platform,Archduke Albert of Austria with Women on a Platform
Village with Canal,../img/scale/brueghel/9786.jpg,1602,janbrueghel/village-with-canal,Village with Canal
View of Tivoli (Paris),../img/scale/brueghel/9791.jpg,,janbrueghel/view-of-tivoli-paris,View of Tivoli (Paris)
"River with Boats, Lined with Trees and Houses",../img/scale/brueghel/9793.jpg,,janbrueghel/river-with-boats-lined-with-trees-and-houses,"River with Boats, Lined with Trees and Houses"
Seventeen Studies of Different Dogs,../img/scale/brueghel/9794.jpg,,janbrueghel/seventeen-studies-of-different-dogs,Seventeen Studies of Different Dogs
View of a Village at the Edge of a River,../img/scale/brueghel/9796.jpg,1553,janbrueghel/view-of-a-village-at-the-edge-of-a-river,View of a Village at the Edge of a River
Sleeping Peasants and Two Horses Under Large Trees,../img/scale/brueghel/9797.jpg,,janbrueghel/sleeping-peasants-and-two-horses-under-large-trees,Sleeping Peasants and Two Horses Under Large Trees
Port with Two Forts,../img/scale/brueghel/9801.jpg,,janbrueghel/port-with-two-forts,Port with Two Forts
View of Naples Harbor,../img/scale/brueghel/9804.jpg,,janbrueghel/view-of-naples-harbor,View of Naples Harbor
Mountain Landscape with a Harbor City,../img/scale/brueghel/9805.jpg,1596,janbrueghel/mountain-landscape-with-a-harbor-city,Mountain Landscape with a Harbor City
Village View with Boats,../img/scale/brueghel/9811.jpg,,janbrueghel/village-view-with-boats,Village View with Boats
Various Groups of Figures,../img/scale/brueghel/9816.jpg,,janbrueghel/various-groups-of-figures,Various Groups of Figures
"View of Roman Ruins, the Baths of Caracalla or the Baths of Diocletian in Rome",../img/scale/brueghel/9817.jpg,,janbrueghel/view-of-roman-ruins-the-baths-of-caracalla-or-the-baths-of-diocletian-in-rome,"View of Roman Ruins, the Baths of Caracalla or the Baths of Diocletian in Rome"
View of a Village by a River with a Watermill,../img/scale/brueghel/9818.jpg,,janbrueghel/view-of-a-village-by-a-river-with-a-watermill,View of a Village by a River with a Watermill
View on the Ground Floor of the Colosseum in Rome,../img/scale/brueghel/9822.jpg,,janbrueghel/view-on-the-ground-floor-of-the-colosseum-in-rome,View on the Ground Floor of the Colosseum in Rome
Peasants Loading a Wagon,../img/scale/brueghel/9823.jpg,,janbrueghel/peasants-loading-a-wagon,Peasants Loading a Wagon
View of a Village with a Canal,../img/scale/brueghel/9826.jpg,,janbrueghel/view-of-a-village-with-a-canal,View of a Village with a Canal
Village Street with St. Martin,../img/scale/brueghel/9827.jpg,1610,janbrueghel/village-street-with-st-martin,Village Street with St. Martin
Road with Wagons and Cattle,../img/scale/brueghel/9828.jpg,,janbrueghel/road-with-wagons-and-cattle,Road with Wagons and Cattle
Sea Landscape,../img/scale/brueghel/9829.jpg,1605,janbrueghel/sea-landscape,Sea Landscape
Women Bleaching,../img/scale/brueghel/9831.jpg,,janbrueghel/women-bleaching,Women Bleaching
Tree on an Outcrop with Group of Gypsies,../img/scale/brueghel/9832.jpg,1603,janbrueghel/tree-on-an-outcrop-with-group-of-gypsies,Tree on an Outcrop with Group of Gypsies
"Tower Bridge of Castle of Tervuren, seen from the Southeast",../img/scale/brueghel/9841.jpg,,janbrueghel/tower-bridge-of-castle-of-tervuren-seen-from-the-southeast,"Tower Bridge of Castle of Tervuren, seen from the Southeast"
Pan and Syrinx (Vienna),../img/scale/brueghel/9844.jpg,,janbrueghel/pan-and-syrinx-vienna,Pan and Syrinx (Vienna)
View of the Town of Spa,../img/scale/brueghel/9856.jpg,1612,janbrueghel/view-of-the-town-of-spa,View of the Town of Spa
Rocky Landscape (Momper),../img/scale/brueghel/10191.jpg,,janbrueghel/rocky-landscape-momper,Rocky Landscape (Momper)
Seascape with Fortification,../img/scale/brueghel/10192.jpg,,janbrueghel/seascape-with-fortification,Seascape with Fortification
Passage in the High Mountains,../img/scale/brueghel/10193.jpg,,janbrueghel/passage-in-the-high-mountains,Passage in the High Mountains
Mountain Landscape with Castle,../img/scale/brueghel/10194.jpg,,janbrueghel/mountain-landscape-with-castle,Mountain Landscape with Castle
Mountainous Landscape with Figures and a Donkey,../img/scale/brueghel/10195.jpg,,janbrueghel/mountainous-landscape-with-figures-and-a-donkey,Mountainous Landscape with Figures and a Donkey
A Troop Post,../img/scale/brueghel/10196.jpg,,janbrueghel/a-troop-post,A Troop Post
Large Panoramic Mountain View with Venus and Adonis,../img/scale/brueghel/10197.jpg,,janbrueghel/large-panoramic-mountain-view-with-venus-and-adonis,Large Panoramic Mountain View with Venus and Adonis
Travelers in the Mountains,../img/scale/brueghel/10198.jpg,,janbrueghel/travelers-in-the-mountains,Travelers in the Mountains
Travelers in a Mountain Landscape,../img/scale/brueghel/10199.jpg,,janbrueghel/travelers-in-a-mountain-landscape,Travelers in a Mountain Landscape
Wide Landscape with Resting Immigrants,../img/scale/brueghel/10200.jpg,,janbrueghel/wide-landscape-with-resting-immigrants,Wide Landscape with Resting Immigrants
Mountain Landscape with Ferry Boats,../img/scale/brueghel/10201.jpg,,janbrueghel/mountain-landscape-with-ferry-boats,Mountain Landscape with Ferry Boats
Mountain Landscape with River Valley,../img/scale/brueghel/10202.jpg,,janbrueghel/mountain-landscape-with-river-valley,Mountain Landscape with River Valley
Mountainous Landscape with Travelers on a Hilly Road,../img/scale/brueghel/10203.jpg,,janbrueghel/mountainous-landscape-with-travelers-on-a-hilly-road,Mountainous Landscape with Travelers on a Hilly Road
High Mountains,../img/scale/brueghel/10204.jpg,,janbrueghel/high-mountains,High Mountains
Landscape with a Bridge and Travelers,../img/scale/brueghel/10205.jpg,,janbrueghel/landscape-with-a-bridge-and-travelers,Landscape with a Bridge and Travelers
Travelers in a Mountainous Landscape,../img/scale/brueghel/10206.jpg,,janbrueghel/travelers-in-a-mountainous-landscape,Travelers in a Mountainous Landscape
Great River Landscape,../img/scale/brueghel/10207.jpg,,janbrueghel/great-river-landscape,Great River Landscape
Rock Landscape with a Waterfall,../img/scale/brueghel/10208.jpg,,janbrueghel/rock-landscape-with-a-waterfall,Rock Landscape with a Waterfall
The Valley,../img/scale/brueghel/10209.jpg,,janbrueghel/the-valley,The Valley
Travelers on the Pass,../img/scale/brueghel/10210.jpg,,janbrueghel/travelers-on-the-pass,Travelers on the Pass
Mountain Landscape with Travelers,../img/scale/brueghel/10211.jpg,,janbrueghel/mountain-landscape-with-travelers,Mountain Landscape with Travelers
Landscape with a Road Leading Past a Place for Execution,../img/scale/brueghel/10212.jpg,,janbrueghel/landscape-with-a-road-leading-past-a-place-for-execution,Landscape with a Road Leading Past a Place for Execution
Landscape with Distant Views,../img/scale/brueghel/10213.jpg,,janbrueghel/landscape-with-distant-views,Landscape with Distant Views
Hillside Area,../img/scale/brueghel/10214.jpg,,janbrueghel/hillside-area,Hillside Area
Mountain Lake at Midnight,../img/scale/brueghel/10215.jpg,,janbrueghel/mountain-lake-at-midnight,Mountain Lake at Midnight
Village Landscape with Fire and Full Moon,../img/scale/brueghel/10216.jpg,,janbrueghel/village-landscape-with-fire-and-full-moon,Village Landscape with Fire and Full Moon
Mountain Landscape with a Lake,../img/scale/brueghel/10217.jpg,,janbrueghel/mountain-landscape-with-a-lake,Mountain Landscape with a Lake
Mountain Landscape with a River,../img/scale/brueghel/10218.jpg,,janbrueghel/mountain-landscape-with-a-river,Mountain Landscape with a River
Winter Landscape,../img/scale/brueghel/10219.jpg,,janbrueghel/winter-landscape,Winter Landscape
Landscape with Community,../img/scale/brueghel/10220.jpg,,janbrueghel/landscape-with-community,Landscape with Community
Wide River Landscape with Wine Press,../img/scale/brueghel/10221.jpg,,janbrueghel/wide-river-landscape-with-wine-press,Wide River Landscape with Wine Press
Winter Village with Travelers,../img/scale/brueghel/10222.jpg,,janbrueghel/winter-village-with-travelers,Winter Village with Travelers
Show in a Grotto,../img/scale/brueghel/10223.jpg,,janbrueghel/show-in-a-grotto,Show in a Grotto
Fair in a Grotto,../img/scale/brueghel/10224.jpg,,janbrueghel/fair-in-a-grotto,Fair in a Grotto
Procession in a Grotto,../img/scale/brueghel/10225.jpg,,janbrueghel/procession-in-a-grotto,Procession in a Grotto
Hermit in a Grotto,../img/scale/brueghel/10226.jpg,,janbrueghel/hermit-in-a-grotto,Hermit in a Grotto
The Drunkard Pushed into the Pigsty,../img/scale/brueghel/18481.jpg,,janbrueghel/the-drunkard-pushed-into-the-pigsty,The Drunkard Pushed into the Pigsty
Nymphs Sleeping After the Hunt Spied on by Satyr,../img/scale/brueghel/18582.jpg,,janbrueghel/nymphs-sleeping-after-the-hunt-spied-on-by-satyr-0,Nymphs Sleeping After the Hunt Spied on by Satyr
Homage to the Goddess Flora with a Feast of the Gods,../img/scale/brueghel/18583.jpg,,janbrueghel/homage-to-the-goddess-flora-with-a-feast-of-the-gods,Homage to the Goddess Flora with a Feast of the Gods
The Vision of Saint Hubert,../img/scale/brueghel/18584.jpg,,janbrueghel/the-vision-of-saint-hubert,The Vision of Saint Hubert
The Rape of Proserpina (New York),../img/scale/brueghel/18627.jpg,,janbrueghel/the-rape-of-proserpina-new-york,The Rape of Proserpina (New York)
A Mountainous Landscape with Horseman and Travellers on a Path,../img/scale/brueghel/18628.jpg,,janbrueghel/a-mountainous-landscape-with-horseman-and-travellers-on-a-path,A Mountainous Landscape with Horseman and Travellers on a Path
Minerva Visits the Nine Muses,../img/scale/brueghel/18629.jpg,,janbrueghel/minerva-visits-the-nine-muses,Minerva Visits the Nine Muses
A Wooded Landscape with the Death of Adonis,../img/scale/brueghel/18630.jpg,,janbrueghel/a-wooded-landscape-with-the-death-of-adonis,A Wooded Landscape with the Death of Adonis
Juno in the Underworld,../img/scale/brueghel/18631.jpg,,janbrueghel/juno-in-the-underworld-0,Juno in the Underworld
Country Landscape with Travellers,../img/scale/brueghel/18632.jpg,,janbrueghel/country-landscape-with-travellers,Country Landscape with Travellers
The Deer Park of the Chateau of Mariemont,../img/scale/brueghel/18633.jpg,,janbrueghel/the-deer-park-of-the-chateau-of-mariemont,The Deer Park of the Chateau of Mariemont
The Temptation of Saint Anthony (Belgium),../img/scale/brueghel/18634.jpg,,janbrueghel/the-temptation-of-saint-anthony-belgium,The Temptation of Saint Anthony (Belgium)
A Kunstkammer with Venus,../img/scale/brueghel/18635.jpg,,janbrueghel/a-kunstkammer-with-venus,A Kunstkammer with Venus
Allegory of Water (Amsterdam),../img/scale/brueghel/18636.jpg,,janbrueghel/allegory-of-water-amsterdam,Allegory of Water (Amsterdam)
The Crucifixion,../img/scale/brueghel/18655.jpg,,janbrueghel/the-crucifixion,The Crucifixion
Continence of Scipio (Dresden),../img/scale/brueghel/18656.jpg,,janbrueghel/continence-of-scipio-dresden,Continence of Scipio (Dresden)
